nilai,fitur
0.36799127601640624,aab
0.4658511105638993,aamiin
0.3614484792707882,aamiinn
0.3731155953970374,ab
2.8521171852785296,abal
2.3051230860384457,abang
0.316927600589782,abb
0.26626205871758213,abiezz
0.26626205871758213,abisabisnya
0.08885645384514922,abisin
0.24617026237766032,abiss
0.2924526170798941,about
0.4387923460689075,abroad
0.7781825485267336,abu
0.2298895964991075,acara
0.40459157830741954,acare
0.2546605315403196,accord
0.2546605315403196,account
1.5287907726545769,acid
0.46367957095580403,acidnya
0.5315614784803535,acnaway
0.28124539093454143,acne
0.5534252812944088,acnesafiourset
0.3128413650728404,act
0.2839272442624202,action
0.30167988393765444,activated
0.41602037003374653,activity
0.5495993743151983,acuu
1.4246042270187234,adabuka
0.2804926947361167,adaramelebaran
0.42435560015641904,add
0.3276600960497029,address
0.34847817427493716,ade
0.4419898806688286,adeem
0.37230410484930465,adekku
0.31201840004226544,adeknya
0.44076623319915476,adem
1.1097720258730206,admin
0.3931448091150702,ads
0.6449878168962113,aduh
0.3590205728491278,ae
0.299846118035354,aekaja
0.3170784120837513,aer
0.44325661737880184,aero
0.26833939982832267,aff
0.3278405928420134,affiliasi
0.3371833221818608,affiliatemarketing
0.6398540464047857,afford
0.2930885054339356,affordable
0.8228688223855916,after
0.2673149761132429,afterny
0.6603921314929571,afternya
0.2267677858236761,aga
0.2618264573423571,aging
0.1833461855722722,ah
0.44761387467441555,ain
1.0414792326286064,air
0.6703001761466809,airin
0.32414960831711115,ajaata
0.5227587221784392,ajah
0.13004673290343147,ajahh
0.3189864456261581,ajakin
0.44567174681474686,ajar
0.3360557871960512,ajasih
0.5647895470959743,ajhh
0.2537853435677997,akal
0.1613400706718054,akhirakhir
0.27907933516443795,akhirnyaa
0.8401903611101467,akhirnye
0.6698938328415074,aksesoris
0.49769791774479555,aktif
0.284374146364369,aktifin
4.421766656729416,aktivitas
0.36206618469201335,akulakuindonesia
0.5566373921042684,akumulasi
0.24889293511711455,akun
0.18452755487592087,akurat
0.39852537410707517,akuratt
0.41142531288513473,akutuh
0.18156020977839998,akuu
0.40842959268435,akuzonauang
1.8847574277945687,ala
0.27981584135110693,alam
1.5198500960055195,alas
0.20663823728117167,alat
0.7293309806633079,alergi
0.2952440400015044,alert
0.3567599408745661,alesan
0.37149037403644586,alhamdulillah
0.411410696543235,alhasil
0.2086988075386661,alias
0.3418361045859224,alih
0.9728000225614681,alis
0.32857730268345803,alkid
0.023158201670382173,all
0.715289513515198,allahh
0.3053027583557438,allahu
0.8498754055195592,allantoin
0.5855981355625048,almost
0.41142531288513473,alo
0.33180344752136726,aloe
0.30167988393765444,alpha
0.4747507360039376,alphard
0.6316121802486958,alternatif
0.6028796974332644,alus
0.5636133154401075,aman
2.8492084540374467,amanguni
2.3308382205217475,amann
0.8005465062885013,amaterasun
1.4246042270187234,amavenda
1.6226500475092553,ambil
0.1779064493780196,amik
0.33261634220369385,amin
0.3015353921409015,aminnm
0.43195069234412337,amino
0.5268174493974375,ampas
0.4973509883252586,ampe
0.2995839433136684,ampoule
0.7379373413279924,ampuh
0.6325440056653855,ampun
2.7015900180616708,anak
0.5871489724282044,ance
0.4196642640426351,andal
1.7264310349970162,aneh
0.3181798312258492,anggap
0.3474116246064939,anggota
2.2253546369905006,angkat
0.423806790332941,angkut
0.3137006271666014,angsur
0.6418568415330741,animate
0.4136946369002169,animemanga
0.48952823273736934,anj
1.3266191256684634,anjay
2.509981519775493,anjing
2.4569805548487023,anniversary
0.7371200413651668,annoying
0.32018345088312283,another
0.32397499029333593,anti
0.42435560015641904,antiaging
1.7738295444572587,antipenuaan
0.7371200413651668,anuin
0.366671561263025,anw
0.7353532284713544,any
0.4655528940341271,anyoba
0.8541032625544105,anything
0.3523460445391743,aowkowk
0.5927329177811411,apaa
0.39880439227165776,apaapa
0.40672215316375865,apk
0.3486857518901618,aplg
0.7008413730601606,apotik
0.34340999218300083,appreciated
0.4312137504394958,approved
0.3671021779819738,april
1.0852634105136132,apus
2.412004319524956,aqua
0.27602414183374513,arak
0.30167988393765444,arbutin
0.34340999218300083,are
0.23842723511329225,area
0.3857052077761637,aromayaa
0.2816809146036022,around
0.1898711668555576,artis
0.2051874439761776,arusha
0.589397722362757,as
0.34514032735906763,asa
0.07874976890494982,asia
0.3799903889968637,asli
0.4506018041984261,aslikk
0.27602414183374513,aspergillusrice
0.26792146796014693,asset
0.3567910915307252,astachiol
0.3349469164207537,asusu
0.5832899911270353,asuuw
0.02862222808695257,at
0.40842959268435,ateez
0.4253489837584091,atittude
0.3592551996350213,atopic
1.2747554677892055,attack
2.76266247643239,attention
2.206154012114435,atur
1.8356946813622153,aur
0.3592551996350213,aussie
0.4608046893928355,auto
5.642822735494853,avail
0.7913425760007222,avo
0.35351624125345654,avon
0.6678956934721363,avoskin
3.907390174907525,avoskinn
0.4990173842301274,avoskintanya
0.7375429340066344,awat
1.350346074159395,awet
0.4501847534478176,ayah
0.5268174493974375,ayam
0.33817142443845094,ayana
1.2348083531106386,ayo
0.423806790332941,ayoo
0.44325661737880184,azaa
0.4768608827732712,azalea
0.2384304413866356,azaleacantiknyamuslimah
0.21355874313789833,azarine
0.9021365336734816,azarinee
0.38619272096536433,azarinesunscreen
1.8751829446076433,azeclair
0.30432883033427977,azrina
0.701982929259683,babi
1.4523293215038338,baby
0.9482624928900012,baca
0.14558711806320876,back
0.2562471607130445,backpack
0.2562471607130445,backpacking
0.4425070121891774,bad
0.32689668352514134,bada
0.9998420511850961,bag
0.2562471607130445,baggage
0.6058145208905409,bagibagi
0.39397831151583107,bagiin
0.6758260274323339,bagus
0.7622502358906802,bagusbagus
0.5303366446143218,bagusbaguss
0.18255109398303856,bahagia
0.2823529114664388,bahan
0.8597477666221395,bahas
0.385416975229925,bahaya
1.8446540606873003,baim
0.5712117280568194,baju
0.6511482269859981,bakar
0.6169609930846299,bala
0.4433528415081427,balas
3.4917405592098083,balikpapan
0.7931613279645473,balm
0.2959644324549503,banci
0.32414960831711115,banda
0.2051874439761776,bandar
0.1526510316272488,banding
0.21571097506553955,bandung
3.320702256022946,bang
0.7293512521402377,bangaram
3.6918780668409807,banget
0.3482623214626764,bangg
2.166091613645119,bangga
0.46443210532396484,bangkok
0.4260849670152256,bangli
0.29467038135645424,bangun
0.4910059059769728,banjir
1.2115290646994739,bantu
0.3474145293526426,bantuin
0.33180344752136726,banyaak
0.39648661862666357,banyakin
0.32445176050173286,banyqk
0.5647895470959743,bar
1.5002699081452215,barang
0.2928625071255841,barangkali
0.3128413650728404,bare
1.4527743412390386,bareng
0.24095384646142065,barier
1.1142447965381341,barrier
0.37652050774495055,barrierkit
0.31590862739993497,barter
0.4803668108994582,barusan
0.24767526176648647,bas
0.28090557173816505,basah
0.5318823898363533,base
3.6998493403590573,based
0.5588056768623745,basefriends
0.7977660836880858,basenya
0.1863088074374099,basic
0.26631912456875595,batas
1.9151616423200122,battle
0.9873296447746722,bau
2.4416261413673874,bawa
0.46179729033468875,bayangin
1.3730181579329037,bayar
1.0313079658501971,bayi
0.28467243390191094,bbrp
0.5230265038330651,bbs
0.3547309003467574,bcs
0.2562471607130445,be
0.4032700822233864,beauty
0.43787687703450917,beautybestieyou
0.38038584866276826,beautycare
0.5227587221784392,beautymallofficial
0.48446096199911937,bebas
0.2995839433136684,bebetul
0.3522771662451973,bed
1.8170914084436953,beda
0.31351565414481253,bedak
0.2816809146036022,beday
0.26147549686659144,before
0.5292215025904417,beg
1.0714876724995623,begadang
0.3511608013673369,begininih
0.4061137014295556,beige
1.4981339767410167,bekas
0.5146766334258781,bekenmut
0.09919080500458614,bela
1.1371173838891835,belah
0.9005272485374949,belang
1.8248234810847306,belanja
0.7634995397549786,belek
1.5234096316070773,beli
0.35933738887821487,belia
0.3188119942022497,belikan
5.742257801426999,belio
0.2959644324549503,belok
0.9148538906957857,belumm
1.6100904011298012,benah
0.9361208036001633,benda
3.267335362488634,bener
1.4575236537702287,beneran
0.2839272442624202,benernya
0.3482623214626764,benerr
1.4246042270187234,bengasiwo
0.1890765910528215,bening
0.33180344752136726,bentonn
0.08302437671322924,bentuk
1.253790900156781,berani
0.33817142443845094,beras
0.269770220708013,berat
0.3058611358715984,berbeza
1.821660802664675,beresberes
0.22537605727272308,berfikir
0.3137926781640279,berkalikali
0.4506018041984261,berkat
0.47563968303818815,berkativitas
0.5535521901471199,berry
0.7170270203479485,bersih
0.26949282845249956,bersihin
0.6804999775003422,bersihinnya
0.28705900698975545,beruntus
1.1206072128746356,besok
0.4219124471391819,best
0.2384304413866356,bestienyahijabers
2.0849251125049926,better
0.37055147906098074,beware
0.6114549281957323,beyouthy
0.2718016856826709,beza
0.46367957095580403,bgitu
0.5976913890256801,bgtbgt
0.24895040961649265,bgtbgtbgtt
1.2917975480696429,bha
0.6400569691047441,bhi
1.8356946813622153,bht
0.3230085695060624,bi
0.811011278352602,bias
0.8261496214532372,biaya
2.58542279779067,biayain
0.20437513251614192,bibir
0.19439335395697635,bicara
0.7065848770028933,bidang
0.7415417863206498,big
0.3289519790553894,bigbrandday
0.6894382573125342,bii
0.3667836471650684,biji
0.25322676498482755,bil
0.42293223839904853,bilas
1.8420837081231556,bilik
0.3676556875461087,bimbang
0.3981457068693425,bina
0.37367016357440036,bincang
0.3230085695060624,bincangbincang
0.5737633011426546,bingung
0.6676029715372114,bintang
0.36424855125805256,bio
0.3882256299921131,biotin
0.2816809146036022,birthday
0.35394968279367117,biru
2.2767286146017387,biruu
0.14448180725295004,bisaa
0.7089513939870385,bisikin
0.24767526176648647,bismillah
0.3058611358715984,bisnes
0.4096292830177424,bit
0.5739431924641673,bj
0.18040551730581544,bjir
1.3572395934875716,bjirr
0.3252067096737764,blackless
0.36748126727961455,blend
0.3161880030971555,blendnya
0.7480268710440983,bli
0.7869004823014921,blind
0.3128413650728404,blis
0.3350040809143869,blitar
0.48075901501063856,blom
0.4054328855927952,blossom
0.26932423108429615,blue
0.4111811958935714,blueberry
0.2995839433136684,blumarine
0.29831852724819086,blurring
0.3885448255275133,blush
0.5180666460225838,bmw
0.693887890527544,bnb
0.2787419955767543,bntr
0.3230141945981288,bocil
0.8437326377478077,bocor
0.9399440051089812,bodoh
0.6378895866996765,body
0.4403212089885123,bodycare
0.3170784120837513,bodylotion
1.8943463444214306,bogor
0.9683451581931082,bohong
0.6594522179539397,bokek
0.3019181986626207,bola
0.13826046533797293,bolehh
0.3867920579561796,boncos
0.3031236882087056,boobs
0.3031236882087056,boobscare
2.2777642301425605,bookmark
0.3137006271666014,boomm
0.44372720454941783,booster
0.6106055167114876,boro
0.4253489837584091,borong
0.23338562237605712,boros
1.6981103982495944,bosen
0.6038363973252414,bot
1.8580096170146814,botol
0.06314101504463696,box
0.5004027005705853,bpom
0.7617769445699032,brand
0.3560099270241388,brandbrand
0.6852383676694735,branding
0.34340999218300083,brandlokal
0.4322540583238575,brandnya
0.7819567581686581,brasov
0.5884597749220404,braw
0.36694702651690103,break
0.4080939309612312,breakout
0.2949892351922693,bright
0.247569645974543,brightening
0.5268174493974375,brigtly
1.0599614567520872,brow
3.937849537248429,brs
0.4460929936917999,bruntus
0.05570190687810119,bruntusan
0.3558636927922355,btt
0.366671561263025,btul
0.44943553643151285,bu
0.3058611358715984,buah
2.720854336522151,buang
0.09571268980883488,buanyak
0.34643231573747785,bubbly
0.33817142443845094,bubuk
0.35816114030609797,bucin
0.37978275910308457,bucinin
0.20070107453087316,budget
1.8420837081231556,bujang
0.3230141945981288,buk
0.17460707761580446,buka
0.7281683996186562,bukak
0.4411675101016399,bukber
0.33668008104829705,bukberr
0.6786627809094496,bukti
1.9778574142994245,buktiinnya
0.37706263631495107,buku
0.26626205871758213,bulat
3.583084370366631,bulu
0.16860355605004873,bulumata
0.0757184930012322,bumbu
0.845101669726418,bump
0.4924064136555498,bund
0.13374891396329994,bundle
0.7796757715753266,bunga
0.28467243390191094,burem
0.411410696543235,buruburu
0.36466549033165396,buruk
2.258216994905536,busa
0.4790340858276204,buset
0.536795589090235,busett
0.5533780788880502,business
0.5390369278497236,bust
2.4797916320649565,but
0.3170784120837513,butter
0.4165229306336795,buttered
2.7268761314471464,butuh
0.8430310240426909,buy
0.3558636927922355,buyget
0.49334249858188256,buying
0.4324896010422079,buzzer
0.29790229344710606,by
0.46982658242123276,byt
1.0529878751161856,cabar
0.4691443607414961,cacat
0.11071743122758983,cah
0.14689881774583086,cahaya
0.16003636271822025,cair
0.9560003701162363,cakap
0.302903393822393,cake
0.3109238491044887,cakeepp
0.2764673210476189,cakep
0.5675757378283337,calag
0.5166243182962008,calculusnya
0.6398540464047857,cale
1.1899574227274425,calm
0.9253300525003925,calming
0.5358429359202939,calon
0.303211342319716,camat
0.15089308050146877,campaign
0.3349469164207537,candra
0.2995839433136684,cane
0.1795102864245639,cangkeman
0.4555915307089433,cannes
1.0362323114170362,cantik
0.11464908797591843,cantikharidengannp
0.325499879652711,cantikk
0.31336371454541356,cantul
0.2356608670450714,cantum
1.0378799592290968,capcipcup
1.9599293565224656,capek
3.4462687827343244,care
2.3537534576699333,cari
0.4087422262438455,case
0.6625847000520905,cashback
0.2955528162736768,cashbck
0.3200672555812333,catokan
1.4246042270187234,cause
0.7575170305190462,cbdiskon
0.2401972629127099,cegah
0.2718016856826709,cehh
2.2504082230603424,cek
0.4460929936917999,cekat
0.2718016856826709,cekik
0.15810725755252839,cekit
0.7561363211256185,cekitcekit
0.41355544728382465,cekout
0.4691443607414961,cela
0.2886682256115027,celana
0.46490037479593926,cemas
0.41597080377142753,centel
0.5369468105617525,centella
0.3889526975609952,centil
6.7432298012143175,cepat
2.4316245618214216,cerah
1.3647982274383286,ceraluronic
0.3719073080342452,ceramella
0.09227670685806649,ceramide
0.22592110910146823,ceratides
1.1105829047535396,ceratinol
0.30082427158543235,cerita
0.2804926947361167,ceritain
0.3592551996350213,cetaphil
0.3031236882087056,cewecewe
0.1511315139642488,cewek
0.3482623214626764,cewenya
0.2537853435677997,chance
0.6106055167114876,chanel
0.44371205653971885,channel
0.7194766882742755,chanyeol
0.415083144566928,charcoal
0.8889404850445448,chat
0.28536745058563956,check
3.317614171637259,checkout
0.5535521901471199,cheewy
0.7293512521402377,chesko
0.451826275175846,chicken
0.31333481673804653,chill
2.412067127581951,china
0.6743666443637216,chingu
0.9650065551427596,chlorelina
0.35644617063432144,chlorelinabpom
0.9347048912859413,chna
0.4054328855927952,chno
0.3243036195666924,christmas
1.0415910496183916,cica
1.3213877443073336,cicab
0.7438171185422886,cicamide
0.44371205653971885,ciel
3.5741309002331816,cimahi
0.7394370715717763,cincau
0.31883103658568257,cincin
0.5162824956482341,cinta
0.3137006271666014,ciprat
0.26626205871758213,ciptain
0.34489410297423245,circle
0.10264871552582534,ciwiciwi
0.366671561263025,ckep
0.32018345088312283,claim
0.8308792406992145,clarifying
0.3289519790553894,clarins
0.18297145049851718,clay
0.3568675876200196,claystick
0.9690529920568635,cleanse
1.701035713231819,cleanser
0.0959924238061339,cleansernya
2.6005577644781885,cleansing
0.35904849586497534,cleansingwater
0.2503860914289974,cleora
0.3891776118694429,cleveru
0.23496022299933106,cleya
0.40958970104568315,close
0.16681025701976102,closed
0.423806790332941,cloud
0.36735321828151435,cm
1.72509978778457,cmb
0.5192223999131242,cmn
3.8347572797550433,coba
0.41717350886413074,cobacoba
0.5854535137033188,cocokin
0.2852687825399284,cocokk
1.1500817034955242,codanter
1.0447485899555211,coin
4.233077569996116,cok
0.5921100044525816,coklat
0.4057071240906186,colek
0.46982658242123276,colla
0.5789245657208599,collab
0.2720358173118708,collagen
0.3137926781640279,colorfit
2.291925639210139,combi
0.6920775716959902,combo
1.0725785625921551,comboin
0.6804112263677935,comedo
0.47373448100502813,comment
0.3161880030971555,compexion
0.3558636927922355,complain
0.6452198325192781,complex
0.3950757116832828,complexion
0.39335986631692654,complexionnya
0.9463905390031256,concern
0.49769791774479555,condition
1.4246042270187234,congo
0.32018345088312283,congrats
0.3557480118197678,congratulations
0.31819591934406277,consider
0.6349269310161996,consultant
0.2761772774670817,cont
0.10243775726671374,content
0.08663094172583993,contoh
2.9033732521003324,contract
0.0758112685191614,control
0.2718016856826709,convert
0.2718016856826709,converted
0.5359272402881218,cooking
0.3511080115792229,cool
0.4727711233916291,copyright
0.4501847534478176,corona
0.34747340259503123,correct
0.6858617718911721,cosmax
0.34847817427493716,cosmetic
0.7967390905284822,cosmetics
0.4760515231501774,cosrx
0.4387923460689075,country
0.3630305744967096,couple
2.17713205544476,cover
0.5805213999984675,coverage
1.3807877900167753,coveragenya
0.0060064215328309075,cowo
0.3748937471232997,cowok
0.366671561263025,cowoku
0.3331924681207762,coy
0.10322934472402485,cpt
0.11811065590627813,cr
0.16931265456263295,crack
1.5813144659401168,cream
0.10243775726671374,creator
1.7679099782485383,crush
0.3722606183894804,csm
0.42959980199340064,csman
0.4695885816298694,ctdk
0.8382334861082761,cuaca
1.370905165035544,cuan
0.3549681349436585,cuba
0.325499879652711,cubaa
0.9460654943179869,cuci
0.37127567062498906,cuk
0.7046143547983122,cumaditwitteravoskin
0.14594892866269096,cuman
0.643019452784791,cungg
0.5772040819898698,cup
0.48180833579088883,curhat
0.3399777800091724,curhatan
0.5743891188808928,curiga
0.3570556470999357,current
0.22033896970836478,cus
0.7062227440362832,cushion
0.2958580096701202,cushionn
0.5347771611632999,cushionny
0.6585555497827877,cushionnya
0.2820418772960572,cuss
0.47866367075791577,customer
0.23221605266198242,cute
5.53858013109574,cuuyy
0.33077333666807507,cuy
0.75357234757037,cy
0.3187079761859083,cyyn
0.14917350518451558,da
0.4411675101016399,dab
0.8345019728745416,daddy
0.26631912456875595,dahlia
0.4253489837584091,dahsyat
0.6925549817896033,daily
1.339292564014504,dalem
0.5456333356710027,damage
0.5868938778521487,damascena
0.41142531288513473,dampak
1.0567600514868143,dapetin
0.49512968754914505,dapetnya
0.8478733001298253,dapur
1.0370761522643397,dar
0.41761699595902274,dara
0.2718016856826709,darah
0.4252111907734144,daripda
0.08169909504734464,dark
0.35257610597056777,darkspot
0.09754850216409655,dasar
2.036955007760674,dateng
0.37860342565909333,day
1.0542156881331914,daya
0.25132227877991353,dayc
1.72509978778457,daycream
0.2562471607130445,days
3.1077984138711523,dazzle
0.3891776118694429,dbilang
0.9383949033092291,dear
0.15165382451115617,debat
0.3201009053689997,debu
0.21016250940729064,decant
0.4691443607414961,dedepan
0.6479646666008242,deep
0.09697363622696065,definisi
0.3058611358715984,degree
0.14969506938754887,dehh
0.3791893251159317,dehidrasi
0.39397831151583107,deket
0.29831852724819086,deluxuryskin
0.2718016856826709,demand
0.302903393822393,dempu
0.15790092146652568,dempul
0.3189864456261581,dengar
0.3613488159346089,denger
0.4260849670152256,denpasar
0.7847173556603465,depok
0.3360557871960512,derma
0.08826415277594621,dermatologist
0.6858617718911721,dermatology
0.4727711233916291,desain
0.4356590262234259,desember
0.35301239769959225,design
0.4076536883552836,detail
0.3590205728491278,dewe
0.6577458690764616,df
1.0094167551860258,dh
0.608521310870637,dhl
0.37706263631495107,diabisin
2.58542279779067,diajakin
2.9033732521003324,diamdiam
0.07479201441297528,diapply
0.2384822426486451,dibandingin
0.4501847534478176,diberangkatin
0.07086180186690325,diblend
0.41338984676423274,diborongg
0.3795741570430089,dibuildable
0.3243036195666924,dicheck
0.32018345088312283,dicoin
0.7771996579260313,dicombo
0.6349269310161996,didik
0.7842179833509806,diem
0.4568314461872616,diemin
6.555287589756252,diendors
1.3546835482137192,diet
0.4359819015068911,difolbek
0.303211342319716,diitung
0.3662754657420706,dijadiin
0.7155211227192607,dikemanain
0.32414960831711115,dil
0.953162067559659,dimarahin
0.4866294837886722,dimodalin
0.3355968964570602,din
0.24895040961649265,dine
1.0023115921849328,dingin
0.4749423103497867,dipacking
0.49824028211001786,dipakein
0.44190275142104113,dipakenya
0.39358677202957393,dipaspasin
0.7761916481858747,dipejuhin
0.2673149761132429,dipijet
0.3159293736021078,dipikirin
0.38812353042528114,dipost
1.2155780420042215,dips
0.40672215316375865,direkomendasiin
0.16569851148883216,disc
0.4067744643239033,disclaimer
0.33867339986084594,disetting
0.3349469164207537,dishop
0.5192223999131242,dishopee
0.5561010354522704,disimpen
0.4333074798246137,disk
0.34241346322664545,diskn
3.9554551209652127,diskon
0.36206618469201335,diskonskincare
0.46320791465256106,dispill
0.38812353042528114,ditakedown
4.316658471779837,ditanyatanya
0.34964238080970383,ditemenin
0.42321174908843406,ditesti
0.40672215316375865,ditokoped
0.2952440400015044,diumumin
0.4416080943218528,divisi
0.6992847616194077,dj
0.06387414175998993,dkt
0.6694367006694489,dkter
0.10975629957699502,dl
0.43483066093391415,dmn
0.36351475699821245,doain
0.36919541667293376,doangg
0.26626205871758213,doff
0.42366226353107383,dok
0.5597700156114953,dokter
4.040581588632583,dom
0.2267677858236761,dominan
0.39974617477299806,domisi
0.3024256185506462,domisili
0.5684090251822886,dompet
0.3372374263500442,don
0.3411836218454628,donasi
0.3411836218454628,donasiin
0.9176127560293965,done
0.25513936207947463,dongg
0.2267677858236761,dont
0.6944551651499091,dorang
0.7543852680238604,dosa
0.8262798999772101,dosen
0.06888212706212485,double
0.3993798817705075,doyan
0.2562471607130445,dps
0.2051874439761776,dpworld
0.11106229483330515,dr
1.6302100469710945,drama
0.26932423108429615,dream
0.31819591934406277,drg
0.3250584137316739,drink
0.2562471607130445,drone
0.22603589585645292,drop
1.3421906127110128,drugstore
0.3857477438103689,dry
0.33939907604266983,drying
0.25322676498482755,duaduanya
0.3058611358715984,duduk
0.1677335227318832,duga
0.17346447423485717,duit
0.7885839935278245,dukung
0.3511608013673369,duluan
0.3568675876200196,dunia
0.37055147906098074,dupenya
0.4608046893928355,duper
0.3230141945981288,duwe
0.3590205728491278,duwek
0.7541252726299021,echi
0.38013882587158504,eco
0.49334249858188256,ecomm
6.452766454733357,edisi
0.0779074444733501,edukasi
0.24694741794142727,eeitss
0.38455444721045856,efek
0.5103781154259288,efektif
0.327112841199942,effect
0.36874111759820494,effort
1.2223543508249826,effortless
0.46179729033468875,effortnya
0.4359819015068911,egk
0.36281023080320085,eh
0.8833611688947806,ehh
0.46320791465256106,eidready
0.49029742730281356,eiem
3.7802441115493384,eiemggoriginote
0.5173582993685697,eiittss
0.488249139185756,eksfo
0.15575065286007295,eksfoliasi
0.2960550022262908,eksfoliator
0.3278405928420134,eksklusif
4.409726655369133,ekspedisi
0.3230085695060624,el
0.7202140392195393,elah
2.2767286146017387,elfolmura
0.6703001761466809,elformula
0.6619752526032259,eli
0.4054328855927952,ella
0.692801524291996,elok
0.7088108403006588,elsheskin
0.00032650383220897433,emang
2.8922661129327274,emas
0.1731013078109658,emina
0.22150216539632417,emoney
0.22373915060309485,empties
0.37280045703900255,empuk
0.33455888827814523,emulsionnya
0.971337395988873,enak
0.6603921314929571,enakeun
0.10593555009591746,end
0.3237836757234096,endingnya
0.6160595760796423,endul
0.605381164069277,engga
0.37978275910308457,enhypen
0.6965246429253528,enteng
0.3853997771164649,enthu
0.8694244953243326,eonni
0.4910059059769728,eps
0.08668428587889847,era
0.33817142443845094,erha
0.8126392834816573,erti
0.9157316448122778,es
0.26953576567819987,esok
0.2853559274462615,especially
0.1761822388688743,essence
0.33817142443845094,essential
0.5230265038330651,essentials
0.4755405924870694,etalase
1.1522038605067446,etc
0.6917740661543487,even
0.6544731504069949,event
0.0671171970937448,every
0.2959644324549503,everyonee
0.9895141585445473,excited
0.3558636927922355,excitednya
1.29260781174393,exfo
2.4041958650424142,exfoliasi
0.6028796974332644,exfoliasinya
1.2259162051962298,exfoliating
0.3534236997184281,exols
0.8289300102181267,exp
0.839871740582397,experienceku
0.5312196835215707,expert
0.33939907604266983,experts
2.1140267520883347,expired
0.46164390623574925,explore
0.32925246342398723,extra
0.2599441404490391,eye
0.56425139816595,eyecream
0.48252348752634305,eyelash
0.6779615739691178,eyeliner
0.3943745062345475,eyeshadow
1.4930609066977558,face
0.38013882587158504,facebook
4.324298592296921,facetolgy
0.16020030184953205,facetology
0.1356003741690817,facewash
0.19196556561384537,facial
0.35816114030609797,factory
0.3733523859193981,fair
0.7223550354770133,fak
0.46490037479593926,faktor
0.3560099270241388,familiar
0.3108184399612771,family
0.5070961500051487,fandom
0.8273339748763624,far
0.3791893251159317,fase
0.858966994953023,favorit
0.2820023539365839,favorite
0.3587876351131135,favoritee
1.7132909667597334,feb
0.46443210532396484,februari
0.30205878509263273,fee
0.5991683728670271,feel
0.35816114030609797,feels
0.3735993300787785,feelsnya
0.8312818398627763,ferment
0.30205878509263273,fest
0.4555915307089433,festival
0.4698101850242289,feyrely
0.3403373132247628,fight
0.4555915307089433,film
1.8277105231503832,filter
0.8312818398627763,filtrate
1.9995513638582016,final
0.35948202627569203,finally
0.9550054977157509,finder
0.8302070799858692,findernya
0.07945495600567093,finish
0.4286594266712762,finishingnya
0.09321952142278045,finishnya
2.470143437497692,fir
0.3230176640189545,firstt
1.0833107810862301,fisik
0.5390369278497236,fit
0.649607835836169,fiturnya
0.41630624981682074,fix
0.5534252812944088,flag
2.2182683680865183,flash
1.4388237292535002,flashsale
0.31382604425245675,flawless
0.36660433172027557,flek
0.3358834802644195,flexing
0.2562471607130445,flight
0.5868938778521487,flower
0.3557480118197678,fly
3.3030058852365918,foam
0.25291835350815933,fokus
0.36874111759820494,fokusin
0.29175826737216326,foll
0.852973731611965,follow
0.5832960207705847,followers
0.46367957095580403,fomo
0.4768608827732712,foot
0.22941839464972447,forever
0.2537853435677997,form
0.2358170482041485,formula
0.31756098822516676,foto
0.31819591934406277,found
0.284374146364369,foundation
2.166091613645119,founder
0.31464776065132904,foundie
0.39772166464765923,fragrancenya
1.603588363742591,free
0.6456397911990364,freeclaim
2.58542279779067,freelance
2.096975248011846,freeong
0.3722606183894804,fresh
0.22150216539632417,friday
0.31933482853254236,fridge
0.2829099299541833,friendly
0.3535644773147919,friendlylt
0.3411414194496617,from
0.35351624125345654,fruity
0.2333316364318137,full
0.22150216539632417,funday
0.021246267834910956,fungsi
0.3019181986626207,futsal
0.36833890238926315,fwb
0.44397543064612055,fwmoistss
0.5927290202236164,fyp
0.1465223311894372,ga
0.3438930524096633,gabaik
0.6618593716593415,gabau
0.49334249858188256,gaberani
0.35257610597056777,gabikin
0.4559311843022124,gabisaa
3.6727915979604475,gabung
1.1688482862600398,gacocok
0.29730421070279167,gacuma
0.0947725999943988,gada
1.7679099782485383,gadibales
0.39648661862666357,gading
0.556750594477724,gaes
1.168766973936394,gagal
0.2667202044896499,gais
0.8246663832595589,gaiss
2.0842459971635274,gajadi
0.5268516885832605,gaji
0.3236910944414936,gakalah
0.11795505067517416,galau
0.4655528940341271,galon
1.7406471706370057,gamasuk
0.3667836471650684,gamau
0.07580453454362795,gambar
0.37514323040608144,game
0.32857730268345803,games
1.274130484304311,gampang
0.3729382862846275,gamungkin
0.4087422262438455,ganci
0.3891822537176172,ganda
1.3454021967214203,gang
0.8751572869547477,ganti
0.07761538121074398,gantung
0.31201840004226544,gapake
0.289350497884822,gapapa
4.221816364509802,gapunya
1.3115853382708187,gara
0.26932423108429615,garansi
2.0093310132837074,garis
0.30891013268475725,garnier
0.07836966555178555,gas
0.4188798023830368,gasie
0.08587688255067256,gasih
0.6560114120980386,gasihh
0.15281511677096665,gasii
0.3630305744967096,gaslaah
1.107096094519056,gatau
0.7370803378034316,gatel
0.4555915307089433,gaun
0.5860974469327149,gausa
0.6811466994930874,gausah
0.3181798312258492,gaya
0.5165623636350495,gazz
0.2673149761132429,gboleh
0.7842179833509806,gbsa
0.9785362944937539,gebrak
2.76266247643239,geess
1.9443324360710281,gel
0.9412346299411056,gelap
0.6087504261368939,gelnyaa
0.35329243850144665,gelut
0.26626205871758213,gemecc
0.4129217946284717,gemesin
0.3181798312258492,gen
0.7023216027346738,gender
0.4136946369002169,general
0.3187079761859083,gengss
0.6258334802399373,genshin
0.34725116640131787,genteng
0.23758576994454794,gentle
0.44269033394708657,gentlebiome
0.39235128259022684,gentong
0.5173582993685697,gentongg
2.2547824646789376,gerak
0.5168911024214833,ges
0.6502962172280883,geser
0.15332175658425162,gess
1.8460691049544717,get
0.5390580405833963,gglow
0.6594522179539397,gi
1.3735166353481798,giat
1.0897635354743314,gie
0.3108184399612771,gift
0.7609624768409922,gigi
2.329892753299918,gila
0.07132690539148268,gilaa
0.36206618469201335,giladiskon
0.4733123779386079,gilakk
0.4698101850242289,gils
0.43374707999149054,gimanaa
0.4747507360039376,gimmicknya
0.7512893030114737,gin
0.30432883033427977,gingseng
0.4676119697030727,ginii
0.2853559274462615,girls
0.527986962422186,gitu
0.06746453036068317,giveawayalert
0.2952440400015044,giveawayskincare
0.2886682256115027,gizi
0.040903615722861636,gk
0.3128413650728404,glad
0.24095384646142065,glade
0.6529445946560577,gladglow
0.42435560015641904,glass
0.29917688236449536,glasting
0.7291720938832942,gldglw
0.3614484792707882,global
0.23496022299933106,gloss
0.2937473711714261,glow
0.4248420558380124,glowdl
1.6321518333439777,glowdm
0.3331924681207762,glowgm
0.9046572572443639,glowing
0.3844871023124755,glowmaker
0.34725116640131787,glowup
0.7326041191842536,glowy
0.3170784120837513,glucosamine
0.2134477492802806,gluta
0.33677433887936875,glutanex
0.7745812885246697,glutathione
0.2960550022262908,glycolic
0.5941791968962322,gmn
0.29175826737216326,gmorn
0.11458420700787829,go
0.39648661862666357,goal
0.5914375617341793,goda
0.46320791465256106,goddess
0.3522771662451973,going
0.3350040809143869,gokujyun
0.6316897524278926,gold
0.5121065851667026,golden
0.2995839433136684,gone
0.6102610952793749,gonna
0.08494868789522117,gonta
0.4990173842301274,goo
0.767104431406844,good
0.9155587225358818,goodluck
0.5155598106347741,google
1.1765796034047045,goreng
0.6449878168962113,gosip
0.9564931097570473,gosok
0.5485092294803877,goto
0.35423219157870095,grab
0.9113810697336011,gradakan
0.36894412701222234,gram
0.032861496257835986,gratis
0.5889026110441873,gratisongkirdilazada
0.4789573498827959,gratiss
1.024088809024564,gratong
0.0823211869066014,greasy
0.29175826737216326,great
0.5534252812944088,green
0.4136946369002169,grocery
0.35423219157870095,grocey
1.9778574142994245,group
0.5671427912323426,grup
0.36206618469201335,gtgt
0.26626205871758213,gtlt
0.5121065851667026,gtu
0.10814656791077783,guardian
0.5914375617341793,gudang
0.5485092294803877,guele
0.41142531288513473,guissee
0.3993798817705075,gundul
0.6270079656120745,guri
0.2252595381896597,guyss
0.43600368357725267,gwe
0.3862601926909507,gweh
0.0840842314676069,habis
0.35423219157870095,habiss
0.34847817427493716,hada
5.858010035430149,hadalabo
1.7679099782485383,hadap
3.7240279313203195,hadiah
0.350587253872392,hadir
0.7242188815186436,hahahah
1.331397348430766,hai
0.183326766981957,hair
0.26117220467952185,haircare
0.3230141945981288,halah
0.10011266460422637,halal
1.3761833089634734,halaman
0.6111320030105205,hallo
0.7188453926849466,halo
0.40672215316375865,halodocnya
0.8843636321757563,haloo
1.8446540606873003,halu
0.9337125776063242,halus
0.6743666443637216,hampers
0.1406219149899693,hanasui
0.4924064136555498,hanasuiemina
0.3534236997184281,hancur
0.5533780788880502,handle
0.3108184399612771,hangat
0.32857730268345803,hangout
0.2804926947361167,happykocaksedih
0.29730421070279167,happyy
0.21182470279630985,hapus
0.47866367075791577,harap
6.463689275396179,harga
2.2121720354683894,harihari
0.3276600960497029,haritu
2.166091613645119,harlette
0.34643231573747785,harshkan
0.4224309741178501,harum
0.2804926947361167,hashtag
2.5674118719229844,hasil
0.3109238491044887,hasilnyaa
1.968473703810897,hata
0.571407610206959,hati
0.30167988393765444,hauff
0.9443407981790714,hauffsome
0.29175826737216326,have
0.4506018041984261,hayo
0.5126453402867995,hbs
1.8446540606873003,healing
0.22068491225192413,healthy
0.35275215656442316,heboh
3.4917405592098083,heh
0.5289674642975549,heheheww
0.2995839433136684,hello
0.3181798312258492,heloo
1.8309692742994874,help
0.5122362193610505,helpful
1.3995769231822464,hemat
0.35351624125345654,henfon
0.9785362944937539,henti
0.8720040114036995,her
0.2576087839012543,heran
0.06556363924313027,here
0.33631545818831454,hero
0.2890192698534767,hibah
0.43787687703450917,hide
0.35805376456558646,hidrasi
0.3722606183894804,hidrating
1.5982306847896164,hidung
0.8773676533956574,hidup
1.5360891629030506,high
0.38038584866276826,highcoverserumcushion
0.09809275638113527,hihi
0.40430209086290037,hihii
1.2747648538587182,hijau
0.6739008654888238,hilang
0.5814332779184096,hilangin
0.7111825581686491,hindar
1.9778574142994245,hipotesa
0.07927890182510834,his
0.5593217514753779,hitam
0.32328205083419687,hits
0.303211342319716,hitung
0.8308792406992145,hllow
0.32414960831711115,ho
0.4350868788774308,hoki
0.3058611358715984,holder
0.6677882701472931,honest
0.39491336527388654,honestly
1.8446540606873003,honey
1.100035527330311,hooman
0.22941839464972447,hope
0.3438930524096633,hormon
0.41124466328033993,hormonal
0.3534236997184281,hostnya
0.6057869334898642,hota
0.4087422262438455,hp
0.5310918514924222,hri
0.3827823144465136,hrsnya
0.3241892367953903,ht
0.4990173842301274,hubung
0.2959644324549503,huek
0.7550765771780561,hueng
0.3230085695060624,hughugmlyt
0.23496022299933106,huhuhu
0.8958672389612717,huhuu
0.4260849670152256,hujan
0.46155530387145804,hun
3.538328845747518,huyo
0.6679959385889055,hyalu
0.5819601115735644,hyaluc
0.9563243864378945,hyalucera
0.3062608409359932,hyalucica
0.33455888827814523,hyalupure
0.5366787996566453,hyalura
0.4195016718596879,hyalureca
1.5267085478198648,hyaluronic
1.617096572488245,hyalurose
0.7285794312605746,hydra
0.2236652970671305,hydralux
0.8325403448500655,hydrate
0.26953576567819987,hydrated
0.5674544522979007,hydrating
0.5063836396934258,hylucera
0.31819591934406277,hype
0.23496022299933106,hypergloss
0.27602414183374513,ianya
0.3230141945981288,ibukku
0.3560099270241388,ibupedia
0.29831852724819086,icip
0.2934563999269246,ide
0.3630305744967096,identik
0.33631545818831454,idola
0.42134336420674445,idr
0.08185826342621887,if
0.37353583777562616,ig
0.2718016856826709,igt
0.4387923460689075,iisma
1.5264421478567236,ijo
0.36799127601640624,ijoo
0.41562221759573204,ikhlaa
0.2997332267947996,iki
0.4725562038323435,ikutann
0.11622758224856854,ikutin
0.37230410484930465,ilangin
0.42133551572173533,ilangnya
0.36863953111320186,ill
0.4442076045732243,ily
0.32045373672570454,imagine
0.2934563999269246,imej
0.6419100067129089,imissu
1.1308510162330254,imitasi
0.3534236997184281,imo
0.3129167401199687,impact
1.0746928304799739,implora
0.3360557871960512,implorathe
0.6666273330874941,impression
0.33975791502748115,improve
0.3568675876200196,imuyy
1.0355648670682087,in
0.571222796811372,ina
0.08656547953226724,incer
0.40430209086290037,inceranku
0.5259503207979468,income
0.7395515283097978,indo
0.8594186772165601,indomaret
0.41307231730552074,indonesia
0.4342277007705859,indoor
0.3534236997184281,indra
0.4623718108851558,inflamasi
0.5166243182962008,influencer
0.7014870574535607,informasi
0.3102701295334548,infused
0.3170784120837513,inggredientsnya
0.3276600960497029,ingredient
0.39531524136653506,ingredients
0.46164390623574925,ingredientsnya
0.451826275175846,ingrown
0.423806790332941,inihh
0.7733621851333375,inimah
0.09847233976176696,inituh
0.3614484792707882,inovatif
0.5675757378283337,inpo
0.3349469164207537,input
0.6846591093792631,insecure
0.32253027193976025,instagram
0.10311707325675938,instan
2.022640637511174,instaperfect
0.43374707999149054,instaperfectt
0.47373448100502813,instead
0.29772223292246225,insyaallah
0.3350040809143869,intense
0.46490037479593926,internal
0.09464240719249092,inti
0.40459157830741954,intip
0.2718016856826709,into
0.32761609481142423,invest
0.3031236882087056,investasi
0.4442076045732243,investnya
0.757382809402172,invivo
0.8571715267746467,iri
0.9515467718690447,iritasi
0.024208212929114695,is
0.6714294753765897,iseng
2.8418785575661394,isi
0.3276600960497029,issue
0.3278405928420134,istimewa
0.20442789816041168,it
0.284374146364369,itera
0.303211342319716,itungannya
1.5671507712346862,iya
0.3827823144465136,iyaa
0.366671561263025,iyain
0.9251298667472558,izin
0.4194720485441167,jabodetabek
0.5588056768623745,jadwal
0.8442533069095441,jaemin
0.7834711163527074,jaga
0.36668710123426257,jahat
0.3523460445391743,jajal
3.046874272780648,jajan
0.3015353921409015,jajanin
0.2940637880583801,jakarta
2.9063543223863455,jaktim
0.05652702866414512,jam
0.19316184426976835,jamin
1.7132909667597334,jan
0.5501536777436232,jangka
0.8152848820434891,jangkau
0.13776276419173242,janji
0.23221605266198242,januari
0.8007773558150837,jar
0.4112294585926336,jarang
2.470143437497692,jarurat
0.5048638621173777,jastip
1.3243384274962309,jateng
0.5769275433647181,jatim
1.0363413559630419,jatuh
1.3852382739022422,jawa
0.3517267051121647,jawabanya
0.42064006464480497,jawabarat
0.33095473130480657,jaya
1.7399082251625253,jb
0.3200672555812333,jdinya
1.3656015071718954,je
0.1795102864245639,jek
0.36694702651690103,jelah
1.2374975663035463,jelek
1.1873213593838026,jeli
0.3282795458368379,jelly
0.5063836396934258,jely
0.4032703781821382,jends
0.2679636201440609,jenguk
0.44681542040198274,jenis
0.6669885485856804,jepit
0.27602414183374513,jepun
0.2079089448793131,jer
7.044421133105255,jerawat
0.076885979790243,jidat
0.6087504261368939,jill
0.21016250940729064,jimat
0.5285393626305788,jinot
0.8352513185310999,jirr
0.865523821615381,jitu
0.3236910944414936,jiwit
0.3230141945981288,jleb
0.23890294314968735,jog
1.03173455429832,jogja
0.13375435227031074,join
0.5431054525015515,jom
0.3534236997184281,jongdae
0.3024505519214849,jorjoran
0.3236910944414936,jp
0.43600368357725267,jrawat
0.6114549281957323,jrinz
0.42799928787097585,jrng
0.34020561318389675,jrwt
0.5287822927687555,jt
0.15901669142434743,jual
1.6555782024142613,jualaness
0.449888048489974,jualcushion
0.2787419955767543,jualin
0.19083221640625242,juara
0.38619272096536433,juaranyasunscreen
0.3303548770267555,jugaa
0.5362962295042739,jugaak
0.34847817427493716,jugakk
0.3058611358715984,jugatapi
0.06084395454637111,jujur
0.39880439227165776,jujurly
0.11374269736776359,juli
0.32857730268345803,jumat
0.6617148049801991,jumbo
0.1347294908427097,jumpa
0.37978275910308457,jung
0.6326713617526645,juni
0.4555915307089433,juri
0.3108184399612771,juru
0.6349269310161996,jurus
0.8999114293468816,just
0.8073497353322812,juta
0.4322540583238575,jxb
1.8704682468316551,kaa
0.2051874439761776,kabila
0.44537823439500285,kacamata
0.6978845548456805,kadang
0.6060856936491964,kado
0.8486267704960828,kaget
1.3559090126584672,kah
0.48075901501063856,kahabisan
0.4087422262438455,kahf
0.6449878168962113,kait
30.532328535201543,kak
3.9947879013665073,kakak
0.5739395694591158,kaki
1.3835869473626528,kakk
0.22635980740791325,kalah
0.804556060657925,kalap
0.2960550022262908,kalean
0.4866294837886722,kaleng
0.1656361944556634,kali
0.34823317362478967,kaliann
0.6350783142645913,kampung
0.3783451489949544,kampus
0.590540765897261,kamuu
0.37055147906098074,kanada
0.9176317861985592,kanan
0.47645545358775876,kandung
0.303314915025617,kangen
0.2997332267947996,kanggo
2.1072185666619445,kann
0.26933836589808735,kantong
0.17867609271653975,kapas
2.8265624478342692,karawang
0.4253489837584091,karir
0.46155530387145804,karleti
0.3230141945981288,karo
0.3731155953970374,karung
0.3931448091150702,karyawan
1.484029648477496,kasi
0.05476112694235305,kasih
0.35351624125345654,kasut
0.4322540583238575,katalg
0.5609105076840684,katena
0.3722606183894804,kaum
0.08186919264019552,kawin
2.3025102138332185,kaya
1.8722416784720246,kayak
0.2995839433136684,kayakknya
0.3731155953970374,kb
0.42959980199340064,kd
0.5566373921042684,kdg
0.3015353921409015,kebahagian
0.24767526176648647,kebel
0.3278405928420134,kecantikanalami
0.4816857254646437,kecik
0.4906018862267259,kecilin
0.14867649520466905,kecuali
0.33939907604266983,kecut
0.3058611358715984,kedah
0.30205878509263273,keep
0.38743882626649406,kegelapann
0.4203250188145813,kejap
3.45019957556914,kejo
1.72509978778457,kejofamily
0.2546605315403196,kekkek
0.36668710123426257,kelamin
0.39648661862666357,kelapa
0.8143898452719099,kelas
0.3474116246064939,kelompok
0.6985120236337982,keluarga
2.5703324579118734,keluh
0.47563968303818815,kemanamana
0.4063625568819026,kemarin
0.32857730268345803,kemarinn
0.5991262969288309,kemas
0.3236910944414936,kempes
0.8994782121466449,kempesin
0.46544122026854684,kena
0.0870855451188318,kenal
0.6064787682536741,kenalin
1.0345311879761268,kencang
0.4851786231365699,kenceng
0.36874111759820494,kencengin
0.3996707732715552,kendara
0.3662138308177434,kene
0.7852662936099437,kental
0.3568226831533332,kentara
0.7972217554111035,kenyal
0.45917461286414835,kepala
0.3230085695060624,kepung
0.24895040961649265,keras
0.26631912456875595,keraton
0.2527235313415057,keren
0.5219712510280219,kerenn
1.1665152771034457,kering
0.1965660445383638,keringetan
0.5833770705553669,keringg
0.40284203504746363,keringoily
0.9745877674216067,kerja
0.19469062607399548,kerjaa
0.5289674642975549,kerjasama
0.2997332267947996,kerjo
0.770164146283546,kerut
0.4096292830177424,kesan
0.6475673514468192,keset
0.7293512521402377,kesho
0.42366226353107383,ketawa
0.40284203504746363,ketemu
0.20334701792027365,ketiak
0.4324896010422079,ketiplek
0.29772223292246225,ketrigger
0.5444172454620152,ketuk
0.561696792375918,kg
0.3889526975609952,kgn
0.44039753528023406,khareedna
0.37418073965835225,khas
1.3592548831469267,khawatir
0.3640841998093281,khianat
0.32414960831711115,khud
0.32414960831711115,khush
0.42372241918847287,khusus
0.4169951549441232,ki
0.2051874439761776,kia
0.6258334802399373,kiehls
0.4214220736141772,kilas
0.6349269310161996,kimia
0.46164390623574925,kind
0.32018345088312283,kindly
1.8184919019397299,kirakira
0.6741029888926975,kiri
2.703528055149726,kirim
0.1795102864245639,kiro
5.8472950461376945,kit
0.35423219157870095,kitaa
0.30205878509263273,kitem
0.2562471607130445,kitorang
0.3371833221818608,kiyowo
1.2877211996941755,klaim
0.3568675876200196,kleenn
0.9459593933303169,klik
0.7187099404523944,klinik
0.7762470608505623,klip
0.4054328855927952,klop
0.5436033713653418,klu
0.38743882626649406,knegotiable
0.20933872713717622,know
0.3159293736021078,knowledgenya
0.38809582409293736,kntl
0.4864212832481907,kntlnya
0.2712830522532064,ko
0.37706263631495107,kocak
0.33120859180306034,kode
0.33261634220369385,koentji
0.49535052353297293,koin
0.303314915025617,kojie
0.30479473561843384,kokk
0.23496022299933106,koklt
0.39648661862666357,koko
0.37280045703900255,kokoh
0.29175826737216326,kol
0.3667836471650684,kom
1.1507838687951675,kombinasi
0.46188960206916063,kombo
0.4277918961151444,komedo
0.08344228031321532,komedoan
0.363703710816041,komedotekstur
2.1812501331250536,komen
0.282220890571275,komplen
0.3331924681207762,komplit
0.4568314461872616,kompresin
0.316927600589782,kon
0.4989836929707373,kondisi
0.3669341884868468,koneng
0.3568675876200196,konsep
0.2267677858236761,konser
0.325499879652711,konsisten
0.42366226353107383,konsul
0.609895971234928,konsumsi
0.7371200413651668,konteks
0.37535564689057344,konten
0.30167988393765444,kontrol
0.34725116640131787,kopong
0.154337987550868,korang
0.1155063196546931,korea
0.21938125525711868,korean
0.4214220736141772,korelasi
0.4347122476621663,koriyah
1.4651142546945133,kos
0.7846370777321191,kosmetik
0.37367016357440036,kosmetikhalal
0.37367016357440036,kosmetikindonesia
0.39397831151583107,kosmetikskincare
1.2055246447858732,kosong
0.303211342319716,kost
0.650132932940987,kot
0.44325661737880184,kotak
1.2870774967282743,kotor
0.1795102864245639,koyok
0.6002616726017213,kpan
0.2777693663446088,kpcs
0.2959644324549503,kpop
0.6948232492129878,kpps
0.30479473561843384,kproduk
0.6584485955946887,kr
1.8356946813622153,kray
0.5121065851667026,kreator
0.34725116640131787,kredit
0.04106174173556489,krim
0.5400137056478226,kriteria
1.8356946813622153,krlo
0.2108694513576,krna
0.6398540464047857,krs
0.2804926947361167,kskincarehijab
0.38812353042528114,kst
0.6618763974160703,ku
0.4737089324668592,kualitas
0.8400848716731695,kuat
0.32414960831711115,kuch
0.5817018409218286,kuesioner
0.1795102864245639,kuiro
0.07287305444349458,kuisioner
0.5121450440572651,kuisionerku
0.39321077178953245,kukka
0.2562471607130445,kul
1.3186265488637545,kuliah
2.5679779281676685,kulit
1.4246042270187234,kumashona
0.20787107336563238,kumpul
0.4298052383509411,kumpulin
0.6049011038429698,kunci
0.4227098333680094,kuning
0.3278405928420134,kunjung
0.7338683769736936,kunyit
0.3137006271666014,kuolesin
0.11163386861825222,kupake
0.3613488159346089,kupas
0.2051874439761776,kupelekwa
0.2051874439761776,kupewa
0.282220890571275,kurir
0.7097259508757346,kurleb
0.8291263869945642,kusam
0.26997794754447263,kusem
0.2051874439761776,kutolewa
0.2051874439761776,kutoridhia
2.597174520229808,kuu
0.4067744643239033,kuy
0.2051874439761776,kwa
0.5287822927687555,kwkwkw
0.4727711233916291,kwnya
2.470143437497692,kya
0.1366888890603891,kymm
0.6781655409511713,lab
0.34847817427493716,labo
0.44269033394708657,labore
0.32761609481142423,ladies
0.3731155953970374,ladke
0.41717350886413074,lagilagi
0.3194306573182452,lahh
1.8446540606873003,lahir
0.42064006464480497,lai
0.2995839433136684,laju
2.028547150430902,laki
0.6474304564889035,lakilaki
0.49183300634398675,laku
1.1524233592566075,lambat
0.4317007071284582,lamer
0.3640841998093281,lampu
0.564507850134377,lancar
0.32761609481142423,lancome
0.5858232340923675,laneige
0.3399777800091724,langgan
0.3549681349436585,langkahlangkah
2.36355146794481,langsung
0.5561010354522704,lanjur
0.3346149152344018,lanzuut
0.3891822537176172,larang
1.514680396216866,lash
4.251033773837599,lashboss
0.3943745062345475,lashtention
0.32445176050173286,last
0.5101089875842939,lately
0.32761609481142423,later
0.4425070121891774,lation
0.3931448091150702,launch
0.3557480118197678,launched
0.11235591693701028,launching
0.12544699596962175,lawan
0.10980231120274997,layak
1.848236237155882,layer
0.29240614553025,lazada
0.84489899397207,lazadians
0.84489899397207,lazbeautyjakartaxbeauty
0.24095384646142065,lazflash
0.8797819601202589,lazmall
0.3289519790553894,lazmallidxclarins
0.6052708238959492,lazrewardnya
1.9776876778476704,lbh
1.8356946813622153,le
0.37127567062498906,least
0.3866490797413714,lebar
0.3872482047070885,lebaran
0.34002740075274385,lebat
2.8521171852785296,lebaturat
0.2959644324549503,ledig
0.5168911024214833,leebih
0.18060591484384916,leher
0.06752848145271767,lek
0.5832960207705847,lelaki
1.1869581665602982,lemari
0.16012086082388585,lembab
2.1833918895187185,lembap
0.08155748821588625,lembut
0.6911563113449304,lemme
0.2349512093289627,lengkap
0.26988383421909934,lengket
0.5219712510280219,lentik
0.299846118035354,leotrailerday
1.3336318867049732,lepas
0.2537853435677997,lepastu
0.43431204948759494,lessgoww
1.1145345247014227,let
0.24109109713127086,letak
0.34246996850369454,levelupyourglow
0.3053027583557438,lex
0.34725116640131787,lgbt
0.09031216779372198,lgsung
0.2997332267947996,lha
0.31139853410086415,lho
0.9882485006216291,lhoo
0.24895040961649265,lidah
0.6603096881124547,life
0.31883103658568257,lifehack
0.39648661862666357,lifestyle
0.12390326459032386,lightweight
0.6999617068121713,lihat
0.7365405651487726,lika
0.21425622149207418,like
0.2936947788122798,likes
0.7365405651487726,liku
0.3722606183894804,lime
0.2051874439761776,linaendelea
2.0276702701269267,linda
0.508002124229766,lindung
0.1006463734082658,link
1.2392523867698615,linknya
1.4462106702511828,lip
0.1805069645000322,lipbalm
0.3857052077761637,lipoilserum
1.0116317199248344,lippies
1.3021355784612787,lips
0.5977935922550685,lipstick
0.7819567581686581,lipsvelvet
0.5068984615170837,liptint
0.29917688236449536,liquid
0.35907137469141337,list
0.5202037435037207,liter
2.3308382205217475,literally
0.3194306573182452,liur
2.6590868209042466,live
4.221816364509802,livenya
1.8356946813622153,liye
0.5031975306206056,lmlm
0.608521310870637,lngsng
0.7819567581686581,lngsung
0.6196946102850004,loakjends
0.3358834802644195,logis
0.4713217340901428,logo
0.8796074736647748,lohh
0.1795102864245639,lok
0.40246179978458146,lokal
0.299846118035354,loki
0.33698899776761704,longsor
0.32445176050173286,loo
0.7222999633232356,look
0.58265546916456,loose
0.5163401742883333,lotion
0.3371833221818608,louissescarlet
0.27907933516443795,lov
0.8171235666264005,lt
0.9024602987111258,luck
0.09530993056047994,lucu
0.32689668352514134,lues
0.5289674642975549,luk
2.58542279779067,lulus
0.14642181833164947,lumayan
0.3350040809143869,luminous
0.6818960070201205,luntur
0.3108184399612771,luoyunxi
2.664471314839486,lupa
0.284374146364369,lupaa
0.299846118035354,lupinnetflix
0.3194306573182452,lut
0.8835937217157075,luv
0.42759792392294493,lux
0.4317007071284582,luxury
1.2635141560108878,maaf
0.7219849341034766,macamni
1.0897635354743314,madame
0.6858617718911721,made
0.6398540464047857,mager
0.3722606183894804,mageran
0.19377985736612974,mah
0.5169009707137799,mahal
0.16471076702072857,mahasiswa
0.3731155953970374,mai
0.17765734056875598,main
0.7597300838608124,mainstream
0.41819039533013347,majalah
0.43010615767149496,maju
0.5884597749220404,makaci
0.09717357412032672,makan
0.48807379507235565,makas
0.2958580096701202,makasii
0.5861580325432652,makasiww
0.8352339919180455,makcik
0.2562471607130445,makesure
0.03015170905464452,makeup
0.36733227603532126,makeupan
0.3109238491044887,makeupbynurqalbi
0.39491336527388654,makeupku
0.30479473561843384,makeupmurah
0.35904849586497534,makeupremover
0.30205878509263273,makeupskincare
1.856045331852956,makeuptutorial
0.27602414183374513,makgeolli
3.247853888038739,makhlitouna
0.2839272442624202,makna
0.2816809146036022,maksa
0.46490037479593926,maksimal
1.1881144297706463,maksud
1.6907743128739003,malam
0.584428613006895,malas
0.2718016856826709,malaysia
0.2718016856826709,malaysian
0.39364791000364585,malemnya
0.4165229306336795,malemsebelum
0.41993873901906126,males
0.33180344752136726,malh
0.3229338375158418,mall
0.745876572569255,mamah
0.24895040961649265,mamasuka
0.2562471607130445,mampat
0.327112841199942,manamana
0.4129217946284717,manda
0.3548757937986324,mandang
0.40591961782073616,mandi
1.4797996650709586,manfaat
0.3399777800091724,mangat
0.44761387467441555,mangkanya
0.44371205653971885,mani
2.9033732521003324,manifestasi
0.17885487977753567,manis
0.08189819464608603,manja
1.0499979960303378,manjangin
2.3751313783367385,mantap
0.3517267051121647,manteb
0.27907933516443795,mantepp
0.12574261767515055,mantulita
0.3511608013673369,manusia
0.2853569695134296,mar
0.2997332267947996,marah
0.2498646861370997,maret
1.5460558286406272,mari
0.3360557871960512,marinaazarine
0.37055147906098074,market
1.7590270977572189,marketing
0.16209840762565128,marketplace
0.11765842473615276,mas
0.1082674195840613,masaa
0.37706263631495107,masak
0.2174344302798081,mascara
0.2959644324549503,masculinity
4.237965905065174,masii
0.43226895762796014,mask
0.2535247977820224,maskara
1.4830290919787237,masker
0.3511608013673369,maskulintas
1.6782200713981092,masuk
0.44761387467441555,masyaallah
0.5520482836674903,masyarakat
6.525150760096217,mata
0.6843192310380335,matahari
1.5187208331551427,matang
0.4700482510108068,match
0.3474145293526426,mateng
0.7675271236173464,mati
0.24095384646142065,matic
2.470143437497692,matlab
0.17405615105128408,matte
0.8860590346888033,mauu
0.30205878509263273,max
0.2924526170798941,may
0.14097351099929223,maybe
1.9778574142994245,maybeline
0.32689668352514134,mbak
3.4149712084199377,mbb
0.1795102864245639,mbe
1.8751829446076433,mc
0.3243686818132886,mcm
0.33939907604266983,mcmne
0.2995839433136684,mean
0.3931448091150702,mecat
0.6106908410413519,medan
0.3230085695060624,media
1.321165185015738,medium
0.9824066040975423,medsos
0.3587876351131135,meemin
0.3159293736021078,megang
0.7892057712198817,meh
0.3991761927111608,mei
0.6703945016218246,mejuhin
0.3766403258847465,mekap
1.161691668788374,melembabkan
0.7144614840394466,melon
1.6576080917214557,melulu
0.39114236019391024,membaiklt
0.8344198992452194,member
0.2804926947361167,memorable
0.11322223700547321,mempan
2.1231554689557672,menang
0.2853569695134296,menangin
0.27907933516443795,mendemm
0.3248243725714829,menenagkan
0.3243036195666924,mengatasijerawat
1.6631851098763035,menghi
0.3013792218606049,menit
0.1412573292027825,mentingin
0.6936211838594679,mention
0.2267677858236761,mentreatment
0.3019181986626207,menyemenye
1.4110516912553717,merah
0.363703710816041,meratamenurut
0.4727711233916291,merch
2.2121720354683894,mercury
0.3560099270241388,merek
0.4676119697030727,merekaa
0.44039753528023406,mereko
0.3859871324880417,merk
0.5944054091323923,merknya
0.6186735294336817,merkuri
0.1826874704175941,mesra
0.9588626323367121,mesti
0.9076538917472132,mesum
0.4747507360039376,mewah
0.9863175616515734,mewek
0.3360557871960512,micelar
0.5204571053860686,micella
0.8135557929003056,micellar
0.35904849586497534,micellarwater
0.3557480118197678,mikaseries
0.742316128028849,mikirin
0.44269033394708657,mild
0.25857694833712064,milih
0.24694741794142727,milihnya
0.21164378275907192,milik
0.5180666460225838,milyaran
0.34430584304335066,mimin
0.16633202218799076,min
3.3095882881760987,minat
0.5146766334258781,minbel
0.4227098333680094,mindra
0.3548757937986324,mindset
0.6623454514923962,minggu
0.6138658203264031,mini
0.9196109157304763,minimal
0.8167237924502158,minimalisir
0.32036720598316326,minimalist
0.5435005573281562,minimm
0.3356580941455171,miniso
0.38809582409293736,minjem
0.4691443607414961,minmin
0.34823317362478967,minthinc
0.11119830900311256,mintik
0.5501479733846018,minum
0.30295673261437206,minus
1.064049923298632,minvo
0.6766833306824114,minyak
0.4066969210961586,miracle
0.5156743881147599,mireya
0.4700482510108068,miripmirip
1.1584224964793002,miskin
0.4555915307089433,miss
0.06588855978674839,mist
0.8931988275236148,mjb
0.6763650005403907,mkai
0.26792146796014693,mkn
0.2051874439761776,mkoa
0.2051874439761776,mkoani
0.5121450440572651,mkupskincare
0.8028164799283055,mlintir
0.774446567457612,mmf
1.1398693315156,mmg
2.215558869834199,mn
0.34020561318389675,mncl
0.4199870290847938,mnrt
0.2673149761132429,mnta
0.331459549732271,mntep
0.3881066676515674,mnurutku
0.11617029089274233,mobil
0.5156743881147599,mochi
0.5467773370474456,modal
1.6131308136566822,model
0.6673204443957851,moga
0.02436075685371969,mois
0.583936430947898,moisnya
1.2063463771547518,moist
0.5251050289079264,moisterizer
0.9891529184220315,moistnya
0.4249603699736859,moistrurizer
0.36002103825472,moistt
0.23323373401057387,moisturiser
0.5977020596811268,moisturizer
1.0099427279715583,moisturizernya
0.9616395549427944,moisturizing
6.989229447717573,moiz
0.3334413311343549,moizturizer
0.6744748527000884,mom
0.3890912742633668,moment
0.20404196722895204,money
0.4700516631615181,monggo
0.3128413650728404,monopoli
0.3486857518901618,mood
1.0618069899214357,moots
0.34937065522729904,mop
0.2842044923455151,more
0.7365740905420204,morning
0.2405779423817158,mosturizer
0.41355544728382465,motong
0.8520861497158814,motor
0.35351624125345654,motorola
0.49503780315424306,mousturizer
0.4076536883552836,msbb
0.2384822426486451,msg
1.5195665783908727,msi
0.3323160983943977,msii
0.32686974151472836,mu
0.3356580941455171,mua
0.5627696656989737,muat
0.2853559274462615,much
0.6801801625892941,mucin
0.5283617946062156,mud
0.2009565490920406,muda
0.4759602584546616,mudah
0.325499879652711,mudahh
0.08434444642779668,mudarin
0.2287000069664512,mudik
0.6749620438137813,muffin
0.3905240605230625,mugwort
0.4979008192329853,mujigae
0.11912807908391952,muka
0.3316772119459702,multifungsi
1.3168612532260786,mulus
0.3252067096737764,muluss
0.316927600589782,mummy
0.3355968964570602,mun
1.5164913474291688,muncul
0.43010615767149496,mundur
0.3230141945981288,mungil
4.907325568336106,murah
0.3535644773147919,murahh
0.3147907826226758,murce
0.6467936654976567,murcee
0.37280045703900255,murceuu
0.2890192698534767,murid
0.33376907863325495,murmer
0.3278405928420134,murni
0.36748126727961455,mushroom
0.3108184399612771,musim
0.27093670964274386,mutu
0.2804926947361167,mutual
0.6815034899231028,mutualan
0.40459157830741954,muu
0.18334890062452971,my
0.2816809146036022,myclinic
0.2907058251214846,na
0.8402067641534501,naam
0.26792146796014693,nabung
0.40842959268435,nacific
0.5987931188345177,nafas
1.8446540606873003,nafkah
2.470143437497692,nahi
5.038715391291168,nahyuck
0.46179729033468875,nailcare
0.6637418792065914,najis
0.26631912456875595,nalpamara
1.1724529271912045,nama
0.34937065522729904,nambah
0.40094837126746863,nambahin
0.17665069840506026,nampak
0.3891822537176172,nampar
0.39364791000364585,nampol
0.2839272442624202,nangkepnya
0.29175826737216326,nano
0.31675093295318835,narik
0.4698101850242289,naru
0.3399777800091724,nasib
0.6718849205789323,natur
0.09150283641503862,natural
0.3403373132247628,nayeon
0.34246996850369454,nayeonskincare
4.30870635506593,nder
1.8450698097351608,nderr
0.7480268710440983,ndes
3.247853888038739,ndirou
0.2051874439761776,ndugu
0.5675757378283337,ndwe
1.0499979960303378,nebelin
0.31819591934406277,needs
1.72509978778457,neem
0.5436033713653418,negara
1.3460911024071445,nego
2.639729211956624,negotiable
0.3230141945981288,nek
0.899227405661996,nekat
0.18464152033075137,neko
0.7900331470844222,nempel
0.4011384030698867,nemu
0.24511976018525944,nemuin
0.4269688794155265,neng
0.41142531288513473,nentu
0.1492644767247691,nentuin
0.48305590352099226,neogen
0.16690671657663597,nerapin
0.08652350020932198,nerima
0.3399777800091724,netflix
2.0842459971635274,nett
0.3430570190387906,netto
0.45998238779908673,neutral
0.34489410297423245,nextnya
0.13839127116136482,ngabisin
0.38809582409293736,ngaceng
0.3200672555812333,ngacengan
0.3015353921409015,ngadain
0.8701737577548616,ngadi
1.037385806175993,ngajak
0.2890192698534767,ngajar
0.3931448091150702,ngakungaku
0.3833709258083089,ngam
0.44761387467441555,ngamalin
0.22941839464972447,ngamm
0.3592551996350213,ngamuk
0.822296464556603,ngangkat
0.8363765952611417,ngantuk
0.41818829763057086,ngantuknya
1.1513803589653229,ngapa
0.4559311843022124,ngapus
1.6100904011298012,ngatain
0.6940147472933303,ngatasinnya
0.19217542222789916,nge
0.24707905773893007,ngebantu
0.5390580405833963,ngebasmi
0.4679666696711201,ngebersihin
0.25322676498482755,ngebersihinnya
0.5122362193610505,ngebingungin
0.3161880030971555,ngeblendnya
0.3161880030971555,ngeblok
0.23496022299933106,ngecek
0.25322676498482755,ngehapus
0.39114236019391024,ngejaga
0.346425865441168,ngelakuin
1.8704682468316551,ngelembabin
0.366671561263025,ngeliatin
0.203179815599332,ngeluarin
0.3170784120837513,ngeracunin
0.22105229528233944,ngerasa
0.3827823144465136,ngerasain
0.4411675101016399,ngeratainnya
0.7808664625660882,ngerawat
0.41562221759573204,ngerubah
0.26932423108429615,ngesetnya
0.3669341884868468,ngestain
0.48180833579088883,ngestock
3.277423843471146,ngetweet
0.8550552986497115,nggaa
0.1795102864245639,ngganteng
0.3534236997184281,nggk
0.3137006271666014,ngide
0.9186739668533652,ngikutin
0.40921194223857804,ngilangin
0.36660433172027557,ngilanginnya
0.2816809146036022,ngn
0.29831852724819086,ngoleksi
1.7259240580349715,ngomong
0.1795102864245639,ngopeni
0.3230141945981288,ngopo
0.6763650005403907,ngruh
0.48075901501063856,nguatin
0.6502633192102047,ngubekngubek
0.4786594034156811,ngucek
0.24767526176648647,ngumpulinnya
0.1795102864245639,ngunu
0.7685994986263996,ngurangin
0.34725116640131787,ngurusin
0.6057869334898642,nhi
0.16820489875867,niaceramide
0.12188979040044841,niacin
2.0353275527208434,niacinamide
0.42882771619760607,niacinamidenya
0.15754490333743706,niat
0.7470671789551842,niche
0.5794531872296409,night
0.25132227877991353,nighta
1.72509978778457,nightcream
2.328497984685311,nihh
0.325499879652711,nii
0.3349469164207537,nik
0.2051874439761776,nika
0.8224544831988135,nikah
0.2051874439761776,nikakumbuka
0.0749582216528406,nikmat
0.3137926781640279,nilai
0.2955528162736768,ning
3.587660756182588,nitip
0.9174900760443987,nivea
0.26833939982832267,niveagarnier
3.247853888038739,nkhdmou
1.3739981910673345,no
0.42366226353107383,noda
0.32036720598316326,noera
0.609895971234928,noerabyreisha
0.609895971234928,noeracollagendrink
0.37127567062498906,noh
0.2995839433136684,nok
0.39321077178953245,nombok
0.6994659841694714,nomer
0.2955528162736768,nominal
0.3568675876200196,nominasi
0.28796991496601076,nongreasy
0.28796991496601076,nonsticky
1.1185509441407882,nonton
0.40430209086290037,noow
0.14157075714301565,normal
0.2267677858236761,not
0.4111811958935714,notabene
0.5985680821797897,note
0.3356580941455171,notice
1.7132909667597334,nov
1.9871673232846543,now
1.202921216506873,npure
0.5195920424153129,ntaran
0.284374146364369,ntr
0.4252111907734144,nuetral
0.1795102864245639,nukokno
0.4658511105638993,nular
0.4416080943218528,nulis
0.2537853435677997,number
0.9965594731791674,numbuh
0.3701860458673213,numbuhin
0.4655528940341271,nunggu
0.2960550022262908,nunjukin
0.2886682256115027,nutrisi
0.3086874864338939,nyaa
0.1795102864245639,nyacat
0.3827823144465136,nyalahin
1.4025281000939394,nyaman
0.6599344811536083,nyangka
0.2356608670450714,nyantumin
0.3929150649135187,nyata
0.49552981394646634,nyebutin
0.105405319139048,nyerap
1.058332370022021,nyesel
0.6013707981373617,nyetok
0.31201840004226544,nyobanyoba
0.6162091287166782,nyusul
1.0275733054139637,oasea
1.4273678265617797,obat
0.8063470310006191,of
0.37652050774495055,ofc
1.5282157950754403,off
0.3058611358715984,office
1.8407510149850836,official
0.48038646399202317,offline
0.30479473561843384,ofkorss
0.6167451125180764,oh
0.6894382573125342,ohh
0.08077677190836914,oil
1.490388212030591,oilnya
0.20260838079543772,oily
0.23221605266198242,oingaing
0.3832613655593945,oiya
0.241800679455848,ok
1.0934826761247236,okay
0.39358677202957393,okayy
3.4480192417148654,oke
0.3403373132247628,okee
0.6575528638035011,oksidasi
0.5504678240146903,oksidasinyaa
0.24767526176648647,oktober
0.41562221759573204,olahraga
0.29730421070279167,oleholeh
0.7550765771780561,oles
0.46182520124921966,olivetrue
0.43483066093391415,olshop
0.2604920560156353,om
0.4359819015068911,omb
0.15259533449681534,omg
1.629295597785268,on
2.5567410683238365,ongkos
0.36833890238926315,onix
0.18485215077617348,online
0.32328205083419687,onsu
0.3993798817705075,oo
0.3349469164207537,oolid
0.5048638621173777,open
0.26792146796014693,operational
0.2267677858236761,opini
1.0336989556003346,or
0.4074976909877543,orang
0.33817142443845094,orange
0.4214220736141772,orangutan
0.4160099395430965,order
2.386462501000706,oren
0.0780292011299997,org
0.3411836218454628,organik
0.35513635420168876,ori
0.5415323512544993,original
0.13238623518554474,originate
1.4246042270187234,originated
4.936286055932326,originote
0.26833939982832267,originotecosrx
0.3853997771164649,originotekali
0.5638459836560739,originotemoisturizer
0.4700482510108068,orijinot
0.3891822537176172,ortunya
0.6270079656120745,os
1.448425086060959,otak
0.47457350187738634,other
0.09306336345102885,out
2.8798278903643593,outdoor
0.07431127711760185,over
0.3137926781640279,overall
0.36863953111320186,overclaim
0.704301688041211,overrated
0.33095473130480657,own
1.6035911501487157,owner
0.5574839911535086,ownernya
0.09965247882405803,pa
0.3676556875461087,pabrik
0.3230141945981288,pacar
1.1007383898350473,pack
0.695032617477775,package
0.3540229993757099,packagenya
0.14510241457288134,packaging
0.06795298112118411,packagingnya
0.5590607756115935,packing
0.2562471607130445,padat
1.6877402222211317,padet
1.5856731638893562,pagi
0.4165229306336795,pagisiang
0.6019689833312737,paham
0.2997332267947996,pajang
0.4747507360039376,pajero
3.183290973706897,pakai
0.41761699595902274,pakcik
0.27400934612556793,pakee
0.36733227603532126,pakein
0.7293366343373756,pakek
0.31347111514537923,pakeknya
2.4287959056158526,paket
0.2816809146036022,paksa
0.4673524456429706,palestina
0.30205878509263273,palmerah
1.6631851098763035,pamelo
0.39321077178953245,pamer
0.4478086705792118,pamerin
1.8446540606873003,pampers
0.3355968964570602,pan
1.7300539047420929,panas
0.46367957095580403,panasperih
0.4250935175419206,pancar
0.44371205653971885,pancut
0.8615010921514441,panda
1.8446540606873003,panggil
0.693665415066816,pantat
3.655534842623453,pantengin
0.44190275142104113,pantesan
0.5070961500051487,pantun
0.706982601135214,pao
0.316927600589782,papa
0.48305590352099226,papar
1.9778574142994245,paragon
0.3560099270241388,parents
0.5043865879081331,parfum
0.36833890238926315,parfume
0.4305083044297492,paro
1.064707638423843,part
0.3630305744967096,partner
0.29175826737216326,partnership
0.6553201920994058,pasal
0.5490678188384736,pasar
0.39114236019391024,pasca
0.5122362193610505,pass
0.5884597749220404,pastiin
0.16405482980607652,pastu
0.3356580941455171,patah
0.4551386551608343,patch
0.43374707999149054,patok
0.2959644324549503,patriark
0.2562471607130445,pax
0.18767306890692378,payday
0.4442076045732243,pc
0.10219294935935908,pcs
0.6646321967887954,pda
0.1858689577471076,pdahal
1.1771700522871351,pdhl
0.42759792392294493,pe
0.7516330270833826,peach
0.3931448091150702,pecat
0.4786594034156811,pedih
0.366671561263025,peduli
0.011708354716167699,peeling
1.9778574142994245,peep
0.3200672555812333,pejuhin
0.19469062607399548,pejuhnya
0.10892727626225486,pelan
2.6444595350973605,pelembab
2.7156569808416653,penasaran
0.3522771662451973,pencet
0.5744437348406013,pendapatt
4.255072481758851,pengaruh
0.6646321967887954,penuh
0.26792146796014693,penuhin
0.5869127998538493,pepeng
0.5208836953736679,percaya
0.3247730789490491,perempuan
0.8358895620313236,perfect
0.8406500376291626,perfume
3.36288886323887,pergi
0.37367016357440036,perhati
5.575365168139676,perih
0.3358834802644195,periksa
0.4673524456429706,perilaku
0.5675757378283337,perintah
0.2853569695134296,periode
0.6388613146364904,perli
0.36351475699821245,pernahsedang
0.3592551996350213,perskincarean
0.5500795955843683,personal
0.3981457068693425,personally
0.6169487716909995,pesona
0.37055147906098074,peta
0.3557480118197678,petai
1.8420837081231556,peti
1.1284781846783436,pgn
0.09845520116561329,ph
0.2537853435677997,phone
0.2718016856826709,photoism
0.17605720727665164,pict
0.5064283824217527,piepih
0.3161880030971555,pih
0.9290397031723139,pikir
1.7664366332851427,pilih
0.26932423108429615,pilling
0.3255022460736299,pin
1.029959938219737,pindah
0.31201840004226544,pingin
0.3241892367953903,pinjam
0.5356472256976345,pink
0.3943745062345475,pinkflash
0.4425070121891774,pinterest
0.42799928787097585,pipi
0.423806790332941,pixy
0.7433065373852602,pksidasi
0.33677433887936875,pl
0.679307048705957,plastik
0.22941839464972447,please
0.4324896010422079,plek
0.34969893594866364,pliis
0.20870544550955278,plis
0.5767292004605475,pliss
0.5121065851667026,plss
0.4608046893928355,plump
0.5995961460439319,plumpy
0.47073435536035546,plumpyy
0.798927839346407,plus
0.5927290202236164,pocket
0.37367016357440036,poin
0.18491655461060336,point
0.33939907604266983,poket
0.12135179952142831,pokok
0.4075546766476915,pol
0.6370816693994411,poll
0.47287933131683485,pon
0.556750594477724,pontianak
0.3973390925554453,poremizing
0.5991678866273368,pores
0.44846168688337507,pori
0.4906018862267259,poripori
0.299846118035354,positif
0.6638880043883841,postingan
0.3567599408745661,poto
0.48732984670493135,potong
0.3230085695060624,potret
1.0256079875039048,pouch
0.35559805757854407,powder
0.06785608435176368,powdery
1.856045331852956,power
2.3574849899827846,powerful
0.4249603699736859,prabumulih
0.4317007071284582,praire
0.20512486041243005,praktis
0.302903393822393,precious
0.655117487471528,prefer
0.2384822426486451,preferensi
0.6744748527000884,pregnancy
2.676450886392669,prelove
0.973935856659854,preloved
0.07422428481399328,prelovedskincare
0.3323160983943977,prelovedskintific
0.33817142443845094,premium
0.2537853435677997,preorder
0.1545033295491465,prep
0.3024505519214849,preparation
0.16629022095207854,prepare
0.3316772119459702,preptopper
0.8227638282946581,prettywell
0.3929150649135187,previllege
0.4057071240906186,pria
0.16383714380636008,pribadi
0.8264674178214221,price
0.6434835736801312,pricing
2.4895583847989227,primer
0.2997332267947996,printilan
0.5390369278497236,prisa
0.2890192698534767,privat
0.2886682256115027,priviledge
0.9844538268176137,product
0.22649661971448226,products
5.29619588783247,produk
0.3438930524096633,produksi
0.4673524456429706,profesional
2.2526181435538097,profil
0.3255022460736299,profile
0.9345550630999875,program
0.40592765171646433,progres
0.5905428833019373,progressnya
0.3430570190387906,prom
0.9810425944715496,promo
0.36206618469201335,promobbf
0.36206618469201335,promomakeup
0.9501751213044843,promonya
0.7194766882742755,promosi
0.2267677858236761,promotor
0.3430570190387906,promotwt
0.15626429811111656,prone
0.2886682256115027,proper
0.34657237002675867,proposal
0.08640966254626473,proses
0.3719073080342452,protect
0.26932423108429615,protection
0.36919541667293376,proteksi
0.12126781328640891,protes
0.3355968964570602,prti
0.3355968964570602,pry
0.3371833221818608,psvtwe
0.75663552023603,pta
0.07065120712879787,puas
2.0936339257743914,puasa
0.3230085695060624,publik
0.2460031100558663,pudar
0.6184202427220464,puff
0.44761387467441555,puji
0.7351986144853553,pulak
1.5072445831420491,pulang
0.3973390925554453,pulih
1.1678144222801539,pulu
0.0870724768299442,pump
0.4555541738625297,pumpnya
0.17318939941004258,punggung
0.38013882587158504,pupuk
0.23496022299933106,pure
0.27907933516443795,purging
0.3972516030185831,purnama
0.3350636340380926,pusing
0.34823317362478967,pusying
0.27180610680106965,putih
0.7532702461613254,py
0.6169609930846299,pyary
0.303314915025617,qrt
0.33077333666807507,quality
0.4910059059769728,queenoftears
0.4910059059769728,queenoftearsep
0.3630736873534962,quote
0.3592551996350213,qv
0.38013882587158504,racing
1.0370072254565161,racun
0.3371833221818608,racunbelanja
0.14217855801620977,racuninbodycare
0.09309961015815091,racuninmakeup
0.014158632999831776,racuninskincare
0.15491244961234416,racuninsunscreen
0.43023206237671985,racunmakeup
1.1590839259924586,racunshopee
1.1830591852699774,racunskincare
0.34855351974857957,racunsunscreen
0.36466549033165396,radang
0.41907541062113135,radiant
1.5026398142589166,ragu
1.0039227515826639,rahasia
2.047209111942119,rajin
0.9951194483979915,rak
0.12365568555173123,ramadan
0.13310303194997428,ramadhan
0.07982139855760523,ramah
2.6196832253179028,ramai
0.6140828671247255,rambut
0.9725560679487231,random
0.47745341747072045,range
1.7338552659932642,rangkai
0.5039898458676777,rapat
0.32689668352514134,rapenak
0.2959644324549503,rapi
1.856045331852956,rareview
0.3548757937986324,ras
0.34489410297423245,ratain
0.7934016621851824,rate
1.821660802664675,ratenya
1.7357623540734328,rating
1.8420837081231556,ratus
0.4555915307089433,rautela
0.34847817427493716,raw
3.071337004547165,rawat
0.7354483772933178,raya
0.2650432934946703,rban
0.34657237002675867,reach
1.7679099782485383,readan
0.5556856630864035,ready
0.34246996850369454,readytobe
0.34246996850369454,readytoglow
0.448563098927179,real
0.26792146796014693,realistis
0.327112841199942,reapplication
0.8104168733992193,reapply
0.29730421070279167,recap
0.3393067982760689,reccomend
0.24767526176648647,receh
0.44397543064612055,recommend
1.856045331852956,recommended
0.4312137504394958,recoverynya
0.3108184399612771,redaksi
0.7940519860356434,redness
3.073286131178228,reference
1.9151616423200122,referensi
0.24095384646142065,refil
0.5285393626305788,refill
0.43384865446481025,reformulasi
0.26932423108429615,refund
0.4214220736141772,rehabilitasi
0.2958580096701202,rejekinya
0.07784069763100057,rek
0.38812353042528114,rekam
0.302903393822393,rekomemdasi
0.3602813542779806,rekomen
0.7123901911202508,rekomendasi
0.44783882969914857,rekomendasiin
0.8994782121466449,rekomended
0.33811920125100775,rekomin
1.0249895235787956,rela
0.4136946369002169,related
1.815731532412002,remaja
0.5456333356710027,rembes
0.32328205083419687,reminder
0.47457350187738634,remove
0.7347806315455516,remover
0.6694367006694489,rencana
2.395879574880826,rendah
0.5906408984352536,renew
0.24895040961649265,reng
0.8642353151769714,rentan
0.3230085695060624,reona
0.4898588190748786,rep
0.3108184399612771,repairing
0.47866367075791577,repeati
0.62332770993237,reply
0.4031356279567417,repost
1.5654337987511173,req
1.3288812899884708,request
1.3858600224548656,resap
1.1419254992134222,reseller
0.3058611358715984,resellers
0.3735993300787785,residu
0.3522771662451973,residue
1.4963572708309119,responden
0.282220890571275,responnya
0.4442076045732243,rest
5.670929703280092,restock
0.2958580096701202,resultnya
0.7823928269175455,retinol
4.651228523817018,retinolmoist
1.430920451913725,retinolnya
0.43600368357725267,retinooll
0.2562471607130445,return
0.7060279570551287,retweet
1.419921906206946,review
0.451826275175846,reviewbylemnbites
0.3109238491044887,reviewbynurqalbi
1.821660802664675,reviewnaezra
0.8004573992994057,reviewnyaa
0.34246996850369454,reviewsal
0.36424855125805256,revox
0.6052708238959492,rewardnya
0.432604615294491,rewel
1.0935652004008818,rezeki
0.3731155953970374,rhe
1.2747554677892055,ria
1.17989181487973,ribu
0.5520482836674903,rice
0.40430209086290037,right
0.3474145293526426,rignote
0.3862601926909507,ril
0.2787419955767543,rilis
1.1595797486492623,ringan
0.2718016856826709,ringgit
1.694783009548759,rintik
0.6619752526032259,ripuwnya
0.299846118035354,rivewannya
0.5204571053860686,riview
0.43374707999149054,riviewnyaa
1.6332311874934764,rls
0.1795102864245639,ro
0.2546605315403196,roger
0.40430209086290037,romantizing
2.311273143186419,rontok
0.5425660832179195,rontokk
0.35351624125345654,rorine
0.5868938778521487,rosa
0.2478996768830428,rose
0.303314915025617,rosy
0.5151121424634646,routin
0.13511408816482914,routine
0.2890192698534767,royal
2.1411714321380666,rp
0.9361632086867278,ruang
0.32328205083419687,ruben
0.6929145322678348,rugi
0.7112889562672081,rules
0.5943922992385267,rumah
0.3511080115792229,rumahh
0.7598483911636223,rusak
0.3081349051256159,rutin
0.42759792392294493,sa
0.44039753528023406,saara
1.8356946813622153,sab
0.4207802687733918,sabar
0.8110825789334408,sabun
0.32045373672570454,sachet
0.18819294781166943,sadar
0.3931448091150702,sadis
4.972930939893569,sadr
0.055903232810875864,safe
0.4054328855927952,saffnco
0.30432883033427977,safi
0.41907541062113135,sagesse
0.5085255709106816,sahabat
0.27602414183374513,sahaja
0.3230141945981288,sak
0.27602414183374513,sake
0.3276600960497029,sakerice
1.1364608632551758,saking
1.050033311384014,sakit
0.3549681349436585,saksi
4.363164193000865,salah
0.7592320375662982,saldo
0.561288660504686,sale
0.8134443063275173,salep
0.38809582409293736,salfok
0.4623718108851558,salicyl
0.11531680230496978,salicylic
0.33975791502748115,salut
0.1892454479996412,samaa
2.314725414655393,samar
0.3557480118197678,sambal
0.31235801322284806,same
0.316927600589782,samjhaye
0.6823672436909256,sampah
0.4910059059769728,sampek
0.303314915025617,san
0.423806790332941,sand
0.19469062607399548,sangean
0.21379999316055107,sangka
0.3289519790553894,santaisantai
0.33817142443845094,santan
0.6854612478164624,sapa
0.2816809146036022,sapu
0.4332474275825997,saran
0.7107845575966706,saranin
0.997571463489237,sat
0.3535644773147919,satin
0.5075600733985108,satset
0.3019181986626207,saudara
0.3640841998093281,sauk
0.4165229306336795,savior
1.5187208331551427,sawo
0.15550061018841194,say
0.41818829763057086,sayaa
0.4695885816298694,sayajual
0.6806420590022285,sayang
0.39648661862666357,sayur
0.33376907863325495,sayy
1.024333928301035,sb
3.9169535005406173,sbenernya
0.8259997495600576,sblm
0.3129167401199687,sblmnya
0.6763650005403907,sbr
0.42134336420674445,sbykrian
0.6424682885788504,scarlet
0.08468716347092752,scarlett
0.4416080943218528,scriptnya
0.584428613006895,scroll
0.16528043635919032,scrub
0.38779300741417166,sd
0.3521708025751632,sea
0.4305083044297492,seabreg
0.1722887140162144,sealed
0.28467243390191094,seamakeup
0.39358677202957393,search
0.2936947788122798,sebanyakbanyaknya
1.6332311874934764,sebanyaknyaa
1.0048807142554879,sebenernya
0.5255640674904223,sebentar
0.27907933516443795,seberapaa
1.980182876483576,sebutin
0.33811920125100775,second
0.08646868911508487,secret
0.39358677202957393,section
0.3557480118197678,sedap
0.39974617477299806,sedia
2.429918932950463,sedih
0.32018345088312283,see
0.8537850696872769,segar
3.4420703744363244,segel
0.28467243390191094,segentle
0.49454827469771256,seger
0.3792849774063708,segi
0.33077333666807507,segitu
0.34937065522729904,sehariaan
3.657475149772501,sehariann
4.327678369715063,seharihari
1.2523270960627122,sehat
0.7608868561124137,sejuk
0.5987931188345177,sek
0.6577458690764616,sekale
0.38074786159178164,sekalee
0.325499879652711,sekarangg
6.4518712468591835,sekarat
0.264088248828862,sekian
0.33537152748724247,sekolah
0.6162091287166782,sektor
1.0038892748396484,sel
0.0916268394670458,selagi
0.014529928157405994,selamat
0.5855981355625048,selang
0.589637219133613,selasa
0.4249603699736859,selatan
0.3474116246064939,selenggara
0.2546605315403196,selfie
0.5855981355625048,seling
0.5588967226142734,selisih
0.2546605315403196,selit
0.10485075964752971,selldips
2.699900443407384,seller
0.35592365369573353,sema
0.2444934495195043,semangat
1.1341140275291952,semarang
0.2508014550200128,sembuh
0.3610312262518063,semenjak
0.3287744262937317,seminggujangan
0.7383908333458675,semprot
0.34430584304335066,sempurna
0.3662138308177434,senang
0.13841190687575353,sender
0.12462642036541587,seng
0.37914769123701403,sengaja
0.4910059059769728,sengguk
0.3194306573182452,sengkek
0.836405548843955,senin
0.24417311994605312,senka
0.3360557871960512,senkasafi
0.3568226831533332,sensasi
0.4602441325802997,sensitif
0.43679027943842286,sensitive
0.07862211998109,sentuh
1.7738295444572587,senyawa
0.4059456988471057,seoily
0.44325661737880184,sepatu
0.43010615767149496,sepupu
0.37055147906098074,serang
0.8194494018533888,serap
0.07732681914451074,serbu
0.39705755657043196,series
0.29772223292246225,seriusin
0.803594062612294,seru
0.06675393689318601,serum
2.5951140561844324,serumbpom
0.3360557871960512,serumlotion
0.3587876351131135,serumm
1.8356946813622153,serums
0.2787419955767543,sesal
1.8446540606873003,sesar
0.07197510266630232,sesi
0.18305058895444615,sesuai
0.34643231573747785,sesuaiso
0.3230141945981288,sesuk
0.005671488166257807,set
1.0118410506793514,setia
1.8420837081231556,sewa
0.45257034590791595,shade
0.09600988581300732,shadenya
1.1500362171535348,shades
0.8809698364301783,shadesnya
0.847929530855653,shampo
0.2046206724384369,share
0.9151678046771924,sharing
0.0777434898562734,shay
0.3170784120837513,shea
0.5155258949814195,sheet
0.6169609930846299,sheetmask
0.3349469164207537,shell
0.9324553198838315,shiseido
0.6218476982089775,shock
0.6666273330874941,shocked
0.7108092638045589,shooting
1.472984540579942,shop
1.4264275776705326,shopee
2.256103339221645,shopeeaffiliate
0.3371833221818608,shopeebigramadansale
0.23876044592840773,shopeeid
0.9264114052889488,shopi
0.46443210532396484,shopping
0.31819591934406277,should
1.0515606675293068,sial
0.9360552001267961,siang
0.34002740075274385,siangmalam
0.34964238080970383,siar
0.6994077417506201,siasia
0.36351475699821245,sidang
0.47457350187738634,side
0.8952588185304811,sie
0.7510584380041121,sifat
0.5425660832179195,signifikan
0.28935632783757953,sihh
0.6469818809352954,sihir
1.1914059092684854,sii
0.49824028211001786,sik
0.53332567503252,sikit
1.5304426913412286,siksa
2.8088885572780127,silicone
0.3991761927111608,silky
0.7591568080060919,simak
0.724739756461166,simpan
0.02699540375857616,simple
0.4695885816298694,simplysiti
0.3960769251584154,sinar
0.07350445353480173,since
0.7144614840394466,sirup
0.5475969382831489,sisa
0.47563968303818815,sisik
0.2959644324549503,sistem
0.4695885816298694,sitinurhaliza
0.4695885816298694,sitizen
1.8394240223370373,size
0.3918326205510462,skala
0.12294472871904172,skali
1.7679099782485383,skeptis
0.44649459741399417,skg
0.6999630179249545,skin
0.0793048312986826,skinaqua
1.4377209312057684,skincare
1.0122250401956658,skincarean
0.34964238080970383,skincareannya
0.2924526170798941,skincarebodycare
0.3200672555812333,skincaree
0.4501847534478176,skincaremake
0.32271475629168755,skincaremakeup
0.30479473561843384,skincaremurah
0.3991761927111608,skincarennya
0.25382961601178883,skincarenya
0.19886240020769308,skincareproducts
1.856045331852956,skincarereview
0.21813879800895342,skincareroutine
0.5075706871355994,skindutti
0.7210143211000835,skingame
0.4312137504394958,skingamegtgtgt
0.34246996850369454,skinkare
0.4442076045732243,skinker
0.3570556470999357,skinlike
0.42281792205216795,skinmymood
0.09565412453465841,skinprep
0.38074786159178164,skintfc
0.006862152000567466,skintific
0.6434835736801312,skintificc
0.3517267051121647,skintificsomethinc
1.1106674109186692,skintint
0.8383816204549837,skintone
1.218835116400838,skintype
0.29917688236449536,skintypeku
1.0536284953686499,skip
0.3587876351131135,skipp
0.3881066676515674,skli
0.3630305744967096,skr
0.07778279059422617,skripsi
0.43483066093391415,slain
0.4322540583238575,sle
0.5585536687909287,slide
0.5013600870274051,sllu
0.4096292830177424,slow
0.3853997771164649,smakin
0.11476787313900387,smooth
0.15643987223070488,smpe
0.4546790178032636,snack
0.6801801625892941,snail
1.2272509126265803,so
0.715289513515198,sociolla
0.07723970249667636,sodara
0.4199870290847938,soft
0.2148285768410831,sok
0.31819591934406277,sold
0.411410696543235,solo
1.1510582490475871,solusi
2.8265624478342692,solution
0.06556363924313027,some
0.3237836757234096,somehow
0.03002684295218945,somethinc
0.2358170482041485,something
0.36002103825472,somethninc
0.2853559274462615,soo
0.2578371940573799,soon
1.0502652990398116,soothing
0.327112841199942,soothingcooling
4.9230229057763975,sopi
0.2562471607130445,sorang
1.4280141203243226,sore
0.3159293736021078,sosmed
0.3722606183894804,sour
0.3411836218454628,source
1.4246042270187234,south
0.3568675876200196,space
0.2936947788122798,spam
0.41124466328033993,spearmint
1.4827610237053062,special
0.40592765171646433,speechles
0.302903393822393,speechless
0.4136946369002169,spending
1.237993178694646,spesial
0.4136946369002169,spesifik
0.6858089363626391,spf
0.31235801322284806,spfpa
0.32689668352514134,spg
0.2839272442624202,spkk
0.7194766882742755,spoiler
1.0328148775957962,spot
3.5760174591538787,spray
0.48952823273736934,spraynya
0.4054328855927952,spring
0.1428098747703876,squad
0.3548757937986324,sreg
2.0600710905221544,ssnya
1.4050692687437691,st
0.7030988415761756,standar
0.28899308174129146,start
0.30205878509263273,stasiun
0.282220890571275,status
0.2853569695134296,staycation
0.33668008104829705,stayy
2.470143437497692,steps
0.4788136024081562,stick
0.3237836757234096,sticknya
0.5390580405833963,stik
1.2281118976745156,stock
0.695988112304039,stocknya
3.088460778757593,stok
0.12660550143496554,stop
0.2969789595553334,store
0.8867710356833902,storenya
0.5873895576245596,story
0.32857730268345803,strangers
0.32857730268345803,streetfoodan
0.47457350187738634,struggle
0.3250056902852565,struggling
1.8420837081231556,student
0.4387923460689075,study
0.49824028211001786,suami
0.36206618469201335,suara
1.4246042270187234,sudan
0.4866294837886722,sugar
0.07512871220727292,suggest
4.510737745076827,suka
0.4286594266712762,sukakk
0.8844035307293444,sukses
0.3640841998093281,suku
0.6469818809352954,sulap
0.33939907604266983,sulfur
0.3044395184062246,sultan
0.4249603699736859,sumatera
0.8570666341546911,sumbang
2.8290454457979193,sumpah
0.3972516030185831,sumuk
0.42064006464480497,sunblock
0.38619555088270874,suncreennya
2.9033732521003324,sunoo
0.15910435327100947,sunscreen
1.821660802664675,sunscreenku
0.7677235465591787,sunscreenmu
3.70437807284823,sunscreennya
0.34855351974857957,sunscreenoriginote
0.34855351974857957,sunscreenreview
0.37978275910308457,sunsticknya
0.40430209086290037,supeer
0.2588159596018937,super
0.2959644324549503,superiorr
0.2537853435677997,supply
0.2718016856826709,supplykan
0.4691443607414961,support
0.2356608670450714,surat
0.28090557173816505,sure
0.6675543195240248,surprisingly
0.45222067551594997,suruh
0.33939907604266983,surut
0.47373448100502813,sus
2.6854519578412637,susah
0.3349469164207537,susu
0.5839072111400769,suudaon
0.774446567457612,suudzon
0.5207438876924451,svideo
0.385416975229925,sw
0.5622280908479353,swatch
0.18201230504583862,swatches
0.5905428833019373,swegerr
3.277423843471146,syapaa
0.06746453036068317,syarat
0.7595999431392112,symwhite
0.49535052353297293,syopi
0.1963619461474312,syukur
0.4658511105638993,tab
2.2121720354683894,tabita
0.37706263631495107,tabung
0.4286594266712762,tabur
1.2399862577471914,tag
0.8223664380027529,tagih
0.12943764710572242,tahan
0.12500488330358514,tahap
0.2959644324549503,tai
0.5000081943654024,takda
0.5832960207705847,takde
2.857492635484561,take
2.9033732521003324,taken
0.6645064961889724,takjil
0.32045373672570454,taknak
0.31235801322284806,takpa
0.2546605315403196,takpe
5.063993576439407,takut
0.2546605315403196,takyakin
0.4416080943218528,talent
0.3200672555812333,tambahann
0.3316772119459702,tambahin
0.6361960553748128,tambahkehidupmu
0.1487707648547318,tampil
0.5480186922511359,tan
0.4023526118566073,tanda
0.44397543064612055,tandatanda
0.24767526176648647,tanem
0.31333481673804653,tang
0.2051874439761776,tanga
0.44040479028286833,tangan
1.8011753234055428,tangerang
0.26792146796014693,tangga
0.14396025797527018,tanggal
0.24239917828029808,tanggung
0.3252067096737764,tanktop
0.32689668352514134,tanyain
0.3757814197846423,tanyarl
0.001170227741674417,tap
1.2747554677892055,tapis
0.7793004700984436,taptap
0.3549681349436585,tara
2.1808904373038787,tarik
0.5504678240146903,taruh
1.25911033332708,tas
2.2284438229414234,tatagaltier
1.5117715448299904,tauu
0.2350292753369228,tawar
0.40842959268435,tawarin
0.5068984615170837,tba
0.3881066676515674,tbs
0.41124466328033993,tea
0.3062608409359932,teacica
0.34823317362478967,team
0.45175983725244356,teamsawomatang
0.08462749154177901,tebak
0.3560099270241388,tebaktebak
0.1557553602284279,tebal
0.5425660832179195,tebel
0.3393067982760689,teguh
0.3817497698774893,teholive
3.839237129581419,tehsunny
0.3511608013673369,teknik
0.3121835851645574,tekstunya
1.4206498905945912,tekstur
0.39772166464765923,teksturenya
0.2816809146036022,telan
0.42133551572173533,telaten
0.2870520234166583,teliti
0.34814824414893003,teman
2.639729211956624,tembalang
0.3200672555812333,tembem
0.6168001009882433,temenku
0.23712182438241042,tementemen
0.6948232492129878,temin
0.9790917914026053,template
1.4622568172980845,temu
0.34430584304335066,temulawak
0.33095473130480657,tenaga
0.07273839140960861,tenan
0.8866340695725853,tenang
0.2839272442624202,tenangin
0.41419916549066116,tengss
0.29730421070279167,tenteng
0.43787687703450917,tenyata
0.26953576567819987,tepek
0.34597847045282815,tera
3.724121887814058,terakhiir
0.2719377774481108,terang
5.6832490826302084,teraweh
0.35257610597056777,tercover
0.7585622811933281,terik
1.541964876505363,terima
0.08028467713609082,terimakasih
0.4260849670152256,terjang
0.48053704185788004,terjangkauu
0.4555541738625297,terluv
0.31201840004226544,ternyataselama
1.7825162867071906,tertawa
0.4974999221788827,terthe
0.8258884301604307,teruk
0.34847817427493716,terukk
0.5654724207104742,teruss
0.9667081906914449,tes
0.4725562038323435,tess
0.6858617718911721,tested
0.4111811958935714,testing
0.07862409113718874,tetangga
0.2673149761132429,tetenya
5.5175516559249065,text
0.3662754657420706,texture
0.28090557173816505,texturenya
3.247853888038739,tfo
0.34847817427493716,tgh
0.3058611358715984,than
1.4246042270187234,that
0.26953576567819987,then
1.2696972492086869,theoriginote
0.30479473561843384,theoriginotemurah
0.23496022299933106,therapy
0.0655810186977093,these
1.4246042270187234,they
0.2267677858236761,theyre
0.08311034258990073,thick
1.4246042270187234,thina
0.2259612950521428,thing
0.23221605266198242,things
0.3540229993757099,think
0.966350585433357,this
0.34398041232959725,thr
0.7653306885903434,thread
0.5814332779184096,tia
0.432604615294491,tibatiba
0.5121065851667026,tick
0.26953576567819987,tido
3.257183674859494,tidur
0.3587876351131135,tidurr
0.6093613070011673,tiket
0.6819358435226124,tiktok
0.07848652692193814,tiktokshop
0.649607835836169,tiktook
0.34690155731150946,tim
0.512494321426089,timbang
0.17281356156611621,timbul
1.0756751061064034,time
0.3058611358715984,timejadi
0.46155530387145804,times
0.3230085695060624,timnas
0.23747271025005326,timpa
0.3931448091150702,timur
0.4673524456429706,tindak
2.0009036613644033,tinggal
0.366671561263025,tingkah
0.3827823144465136,tingkatin
0.5289890910861238,tinkiww
0.31235801322284806,tint
0.23496022299933106,tinted
0.3011632568446332,tipe
0.4244791221718679,tipis
0.3062608409359932,tipistipis
0.16810274499416855,tips
0.18290753926486675,tipsnya
0.3567599408745661,tipu
0.6292955213026581,tirtir
0.8134098935469222,tissue
0.26631912456875595,tisu
9.978116617155877,titip
0.2562471607130445,tk
1.9778574142994245,tkdn
0.2267677858236761,tl
2.3068235904514722,to
0.5230224424009912,tobat
0.24895040961649265,toeknya
0.3662138308177434,toilet
0.2997332267947996,tok
2.2663503088840753,toko
1.0561390680894485,tokopedia
0.6494263892371905,tokped
0.3128413650728404,toktok
0.08018109352475493,tolak
1.1982011424400119,tolong
0.6136766461468961,tone
0.2571130019663188,toner
1.017973679025458,tonernya
0.26932423108429615,toneup
0.36874111759820494,toning
0.27093670964274386,tonton
0.5847470512089827,top
0.24895040961649265,topokki
0.31336371454541356,topper
5.052761954031479,torriden
0.2936947788122798,total
0.5688799606562918,totol
0.44761387467441555,totolskincaresaat
0.7465312490154958,touch
0.5356941405682396,toxic
0.33565504631352716,transaksi
0.36191217255399566,transfer
0.3931448091150702,translate
0.07594357517615609,trauma
1.8901882729677575,travel
2.3574849899827846,traveling
1.9995513638582016,travelling
0.45108235645275196,treatment
0.47492299858622794,tremella
0.47492299858622794,tremellagelblp
0.4508491428972904,trend
0.2254245714486452,trendingnow
0.41819039533013347,trick
0.22941839464972447,trio
0.2562471607130445,trip
0.3065647140818749,triple
0.4333074798246137,triplecare
0.629858008009829,trnyata
2.951756615032947,true
0.6379728912523162,trueve
0.2853559274462615,truly
0.3890912742633668,truth
1.6413095052081679,try
0.6477032471323863,tsb
0.5346299522264858,tt
0.06385648127010066,ttp
0.768974204624951,tts
0.03602461958833286,tu
0.8294603328627412,tua
0.3230085695060624,tuan
0.547044647008775,tub
0.5809709638186583,tube
0.37367016357440036,tubuh
0.4397801587326259,tudung
0.35329243850144665,tugas
0.3511608013673369,tuhan
1.0208561293609215,tukar
0.4749423103497867,tuker
1.3376163849740523,tulis
0.3230141945981288,tumbas
0.29730421070279167,tumbler
1.387157018318921,tumbuh
0.3640841998093281,tumpah
4.233077569996116,tumplek
0.5922352340862266,tumpuk
0.7293512521402377,tunaanza
0.3230085695060624,tunang
0.39880439227165776,tunda
0.751140130995184,tunggu
1.1187188284572331,tunjukin
0.49816669441843003,tunjukkin
0.3613488159346089,tuntas
1.7679099782485383,turns
0.2955528162736768,turun
0.3230141945981288,tusuk
0.39335986631692654,tutorial
0.35351624125345654,tutty
0.2535602936469184,tutup
0.3230085695060624,tv
0.768290896079483,twc
0.34236048753271775,tweet
0.46320791465256106,twit
0.7261473747069924,twt
2.782459522139511,txa
0.37706263631495107,ty
0.28564011603140754,type
0.42799928787097585,tzone
0.12450486520339714,uang
0.019247060537710466,ubah
1.6332265310549325,ubat
0.2934563999269246,ubel
0.08027203566563709,uda
0.5013147375239162,udaa
0.3700029644922446,udahan
0.38809582409293736,ughh
0.2051874439761776,uhamisho
0.23145307869893864,uji
0.9115634499087549,ujung
1.3464437482005336,ukur
0.32761609481142423,ulang
0.29873960069107375,ulas
0.32689668352514134,ulatane
1.5112205962039753,ultah
2.5703324579118734,ultahh
0.33631545818831454,umat
0.37055147906098074,umkm
0.4501847534478176,umroh
2.2248740291777294,umsfess
1.917522809127707,umur
0.3558636927922355,unbox
0.3129167401199687,unboxing
0.3189864456261581,undang
0.1268885406067226,under
0.8178379433591619,underprice
0.3511080115792229,undertone
0.5362962295042739,undertonenya
0.4250935175419206,ungu
0.4866294837886722,unit
0.4555915307089433,universe
0.4698101850242289,unke
1.8356946813622153,unko
0.7656095135693585,unnes
0.3881066676515674,unreacheable
0.4032703781821382,unsoed
0.28971793778463273,untung
0.0650024617340192,up
0.4188798023830368,upan
2.2121720354683894,update
0.2934563999269246,urebranding
0.3590205728491278,urep
1.302007999484865,urus
0.67372692493786,urut
0.4555915307089433,urvashi
0.23221605266198242,us
1.0347123817100272,usaha
0.29730421070279167,usefull
2.9476356763006417,user
0.5954444658449245,utama
0.34725116640131787,utang
0.3918326205510462,utas
0.3393067982760689,utuh
0.09526433010574821,uva
0.09526433010574821,uvb
0.2051874439761776,uwanja
0.3129167401199687,uwu
0.4673524456429706,uyghur
0.40842959268435,uyu
0.34937065522729904,valid
0.2569792110457264,value
0.38013882587158504,vape
0.7312615500162779,varian
0.3276600960497029,variation
0.7574716898479983,vaselin
0.6678122110691359,vaseline
0.023700783501029464,velvet
0.3349469164207537,verra
1.0799534219128604,version
0.07663100921578235,very
2.8265624478342692,via
0.3558636927922355,vid
0.6223683014748257,video
0.75357234757037,vidionyaa
0.299846118035354,viop
0.40708504962468944,viral
0.2816809146036022,visit
1.3258058894012326,vit
0.11782659708555673,vitamin
1.72509978778457,vitaminc
0.15578511326416153,vitro
0.8114142481812372,viva
0.15578511326416153,vivo
0.5495993743151983,vlog
0.15831195906564424,vlogger
3.0247235494554987,voc
0.2886682256115027,volume
2.309597582275602,voucher
0.29730421070279167,vs
0.31819591934406277,vt
0.2051874439761776,vuguvugu
0.14579154675921024,wa
0.302903393822393,waa
0.37055147906098074,waah
0.4103748879523552,waarab
0.327112841199942,waiib
0.6477874428203741,wait
1.2703355505118783,wajah
0.44537823439500285,wajar
1.422677655992619,wajib
0.3853997771164649,wak
0.2051874439761776,wakionekana
0.27907933516443795,walauu
0.2051874439761776,walipewa
0.5678595608841871,walopun
0.2051874439761776,wamasai
0.2051874439761776,wananchi
1.7410524790969644,wangi
0.5394018657575493,wanita
0.3355968964570602,waqt
0.2783793258156698,war
0.32555482720613826,wardah
0.3614484792707882,warga
0.3891822537176172,warganet
2.1249633215758506,warm
0.3325547900337275,warna
0.3121835851645574,warnya
0.32857730268345803,warriors
0.3230085695060624,wartawan
0.2051874439761776,wasambaa
0.011728768154559728,wash
1.72509978778457,washes
0.3908513622296572,washnya
2.1306497691741337,watching
0.867429305466519,water
0.6760353555665511,waternya
0.302903393822393,waterpoof
0.6010515905592418,waterproof
0.18828712921437327,watery
0.33261634220369385,wateryoil
0.4530888169243604,watson
0.3676556875461087,watter
1.4246042270187234,we
1.0287618824665017,wear
1.0044265295173729,weh
0.3108184399612771,weibo
0.2959644324549503,welcome
4.062773826609539,weterly
3.538328845747518,wewe
0.2853559274462615,what
0.5995735119060085,white
0.5677115941960944,whitecast
0.5814332779184096,whiteheads
0.550954978506417,whitelab
0.32045373672570454,whitening
0.5344057519097821,why
0.280666879550942,wib
0.27602414183374513,wine
0.33565504631352716,wings
0.2952440400015044,winner
0.4387923460689075,winter
0.366671561263025,wir
0.4501847534478176,wisata
0.6434835736801312,wise
0.6132471822363077,wish
0.974109628159862,wishlist
0.39397831151583107,wishlistin
0.3474366642440798,wishlistku
1.2675056786063235,with
0.621826663623875,wkawka
0.3331924681207762,wkekek
0.6818960070201205,wkkw
0.34823317362478967,wkwkw
1.1875913617384084,wkwkwk
0.5914375617341793,wkwkwkk
0.6456397911990364,wkwkwkw
0.3534236997184281,wl
0.42321174908843406,woi
0.4727711233916291,woman
0.2718016856826709,won
0.5268174493974375,wonder
0.24895040961649265,wonhae
3.1077984138711523,wooyy
0.1806501868256975,work
0.2286120085977253,works
0.5101089875842939,worried
1.0718993229267009,worth
0.7590169200236664,wow
0.4836749228483866,woy
0.45175983725244356,woyy
0.34747340259503123,wrong
0.7167951153592902,wtb
0.3323160983943977,wtshadalabo
0.3567599408745661,wtsoriginote
0.5609105076840684,wtsskincare
0.3323160983943977,wtstheoriginote
0.5632920356323616,wtt
0.6428971261631181,wudhu
0.46155530387145804,wudu
0.3355968964570602,wuzu
0.4136946369002169,ww
0.19469062607399548,xixix
0.8362327926402123,xtra
1.1068463461104434,yaa
0.5953092478588529,yaah
0.4658511105638993,yaallah
0.3474116246064939,yaaww
0.3667836471650684,yaelah
0.423806790332941,yahh
0.3479940561520195,yahhyg
1.3131899212280287,yak
0.4103748879523552,yao
0.30205878509263273,yaw
0.3996707732715552,yayaya
0.5561010354522704,yayy
4.935158437845547,ybg
0.3853997771164649,ye
0.2267677858236761,yeah
0.2853559274462615,year
0.33095473130480657,years
0.3474116246064939,yeayy
0.325499879652711,yee
0.36874111759820494,yes
0.3129167401199687,yey
1.3500396899096674,yh
0.2384304413866356,yogya
0.8274561289836531,yogyakarta
0.3590205728491278,yok
0.23183100340353635,your
0.6675376900846051,youu
3.907390174907525,ysb
1.5480844596274208,yu
0.40001954789940475,yuhuuww
0.684103855978413,yuja
1.0155207637104309,yuk
0.36799127601640624,yukk
0.3230085695060624,yume
0.3230085695060624,yumelokalgallery
0.37978275910308457,yumi
0.32857730268345803,yumm
0.7221622143527071,yups
0.3129167401199687,yutup
0.8379728647576987,yuu
0.3243036195666924,yuuk
0.29730421070279167,yxb
0.2958580096701202,zara
0.3981457068693425,zarzou
0.7423221923695595,zayyan
0.4442076045732243,zazan
0.3360557871960512,zee
0.2051874439761776,zetu
1.8356946813622153,ziada
0.5935166566071893,zonabelanja
0.4031356279567417,zonacuan
0.33537152748724247,zoom
0.42759792392294493,zra
0.3355968964570602,zrorat
0.44039753528023406,zyada
